"filename", "language", "JavaScript", "Markdown", "JSON", "HTML", "CSS", "Less", "SCSS", "YAML", "XML", "comment", "blank", "total"
"c:\Users\ferna\Documents\Desarrollo\SIMR\README.md", "Markdown", 0, 45, 0, 0, 0, 0, 0, 0, 0, 0, 10, 55
"c:\Users\ferna\Documents\Desarrollo\SIMR\app\controllers\actores.server.controller.js", "JavaScript", 86, 0, 0, 0, 0, 0, 0, 0, 0, 23, 8, 117
"c:\Users\ferna\Documents\Desarrollo\SIMR\app\controllers\colecciones.server.controller.js", "JavaScript", 90, 0, 0, 0, 0, 0, 0, 0, 0, 24, 7, 121
"c:\Users\ferna\Documents\Desarrollo\SIMR\app\controllers\diccionarios.server.controller.js", "JavaScript", 89, 0, 0, 0, 0, 0, 0, 0, 0, 24, 9, 122
"c:\Users\ferna\Documents\Desarrollo\SIMR\app\controllers\ejemplares.server.controller.js", "JavaScript", 86, 0, 0, 0, 0, 0, 0, 0, 0, 23, 7, 116
"c:\Users\ferna\Documents\Desarrollo\SIMR\app\controllers\fondos.server.controller.js", "JavaScript", 90, 0, 0, 0, 0, 0, 0, 0, 0, 24, 7, 121
"c:\Users\ferna\Documents\Desarrollo\SIMR\app\controllers\generos.server.controller.js", "JavaScript", 97, 0, 0, 0, 0, 0, 0, 0, 0, 24, 10, 131
"c:\Users\ferna\Documents\Desarrollo\SIMR\app\controllers\generosnomusicales.server.controller.js", "JavaScript", 96, 0, 0, 0, 0, 0, 0, 0, 0, 24, 9, 129
"c:\Users\ferna\Documents\Desarrollo\SIMR\app\controllers\idiomas.server.controller.js", "JavaScript", 85, 0, 0, 0, 0, 0, 0, 0, 0, 24, 9, 118
"c:\Users\ferna\Documents\Desarrollo\SIMR\app\controllers\index.server.controller.js", "JavaScript", 10, 0, 0, 0, 0, 0, 0, 0, 0, 1, 4, 15
"c:\Users\ferna\Documents\Desarrollo\SIMR\app\controllers\instrumentos.server.controller.js", "JavaScript", 86, 0, 0, 0, 0, 0, 0, 0, 0, 22, 8, 116
"c:\Users\ferna\Documents\Desarrollo\SIMR\app\controllers\materias.server.controller.js", "JavaScript", 92, 0, 0, 0, 0, 0, 0, 0, 0, 24, 9, 125
"c:\Users\ferna\Documents\Desarrollo\SIMR\app\controllers\medios.server.controller.js", "JavaScript", 91, 0, 0, 0, 0, 0, 0, 0, 0, 24, 10, 125
"c:\Users\ferna\Documents\Desarrollo\SIMR\app\controllers\obras.server.controller.js", "JavaScript", 98, 0, 0, 0, 0, 0, 0, 0, 0, 23, 7, 128
"c:\Users\ferna\Documents\Desarrollo\SIMR\app\controllers\proyectos.server.controller.js", "JavaScript", 85, 0, 0, 0, 0, 0, 0, 0, 0, 24, 10, 119
"c:\Users\ferna\Documents\Desarrollo\SIMR\app\controllers\recursos.server.controller.js", "JavaScript", 102, 0, 0, 0, 0, 0, 0, 0, 0, 24, 7, 133
"c:\Users\ferna\Documents\Desarrollo\SIMR\app\controllers\sistemas.server.controller.js", "JavaScript", 94, 0, 0, 0, 0, 0, 0, 0, 0, 24, 10, 128
"c:\Users\ferna\Documents\Desarrollo\SIMR\app\controllers\users.server.controller.js", "JavaScript", 125, 0, 0, 0, 0, 0, 0, 0, 0, 54, 14, 193
"c:\Users\ferna\Documents\Desarrollo\SIMR\app\models\actor.server.model.js", "JavaScript", 110, 0, 0, 0, 0, 0, 0, 0, 0, 6, 11, 127
"c:\Users\ferna\Documents\Desarrollo\SIMR\app\models\coleccion.server.model.js", "JavaScript", 53, 0, 0, 0, 0, 0, 0, 0, 0, 3, 3, 59
"c:\Users\ferna\Documents\Desarrollo\SIMR\app\models\diccionario.server.model.js", "JavaScript", 33, 0, 0, 0, 0, 0, 0, 0, 0, 0, 3, 36
"c:\Users\ferna\Documents\Desarrollo\SIMR\app\models\ejemplar.server.model.js", "JavaScript", 69, 0, 0, 0, 0, 0, 0, 0, 0, 3, 7, 79
"c:\Users\ferna\Documents\Desarrollo\SIMR\app\models\fondo.server.model.js", "JavaScript", 53, 0, 0, 0, 0, 0, 0, 0, 0, 3, 7, 63
"c:\Users\ferna\Documents\Desarrollo\SIMR\app\models\genero.server.model.js", "JavaScript", 130, 0, 0, 0, 0, 0, 0, 0, 0, 5, 12, 147
"c:\Users\ferna\Documents\Desarrollo\SIMR\app\models\generonomusical.server.model.js", "JavaScript", 126, 0, 0, 0, 0, 0, 0, 0, 0, 6, 15, 147
"c:\Users\ferna\Documents\Desarrollo\SIMR\app\models\idioma.server.model.js", "JavaScript", 22, 0, 0, 0, 0, 0, 0, 0, 0, 0, 3, 25
"c:\Users\ferna\Documents\Desarrollo\SIMR\app\models\instrumento.server.model.js", "JavaScript", 104, 0, 0, 0, 0, 0, 0, 0, 0, 4, 15, 123
"c:\Users\ferna\Documents\Desarrollo\SIMR\app\models\materia.server.model.js", "JavaScript", 80, 0, 0, 0, 0, 0, 0, 0, 0, 3, 12, 95
"c:\Users\ferna\Documents\Desarrollo\SIMR\app\models\medio.server.model.js", "JavaScript", 114, 0, 0, 0, 0, 0, 0, 0, 0, 4, 16, 134
"c:\Users\ferna\Documents\Desarrollo\SIMR\app\models\obra.server.model.js", "JavaScript", 199, 0, 0, 0, 0, 0, 0, 0, 0, 10, 22, 231
"c:\Users\ferna\Documents\Desarrollo\SIMR\app\models\proyecto.server.model.js", "JavaScript", 95, 0, 0, 0, 0, 0, 0, 0, 0, 4, 9, 108
"c:\Users\ferna\Documents\Desarrollo\SIMR\app\models\recurso.server.model.js", "JavaScript", 194, 0, 0, 0, 0, 0, 0, 0, 0, 7, 26, 227
"c:\Users\ferna\Documents\Desarrollo\SIMR\app\models\sistema.server.model.js", "JavaScript", 116, 0, 0, 0, 0, 0, 0, 0, 0, 4, 17, 137
"c:\Users\ferna\Documents\Desarrollo\SIMR\app\models\user.server.model.js", "JavaScript", 80, 0, 0, 0, 0, 0, 0, 0, 0, 23, 16, 119
"c:\Users\ferna\Documents\Desarrollo\SIMR\app\routes\actores.server.routes.js", "JavaScript", 13, 0, 0, 0, 0, 0, 0, 0, 0, 5, 5, 23
"c:\Users\ferna\Documents\Desarrollo\SIMR\app\routes\colecciones.server.routes.js", "JavaScript", 13, 0, 0, 0, 0, 0, 0, 0, 0, 5, 5, 23
"c:\Users\ferna\Documents\Desarrollo\SIMR\app\routes\diccionarios.server.routes.js", "JavaScript", 13, 0, 0, 0, 0, 0, 0, 0, 0, 5, 5, 23
"c:\Users\ferna\Documents\Desarrollo\SIMR\app\routes\ejemplares.server.routes.js", "JavaScript", 13, 0, 0, 0, 0, 0, 0, 0, 0, 5, 5, 23
"c:\Users\ferna\Documents\Desarrollo\SIMR\app\routes\fondos.server.routes.js", "JavaScript", 13, 0, 0, 0, 0, 0, 0, 0, 0, 5, 5, 23
"c:\Users\ferna\Documents\Desarrollo\SIMR\app\routes\generos.server.routes.js", "JavaScript", 13, 0, 0, 0, 0, 0, 0, 0, 0, 5, 5, 23
"c:\Users\ferna\Documents\Desarrollo\SIMR\app\routes\generosnomusicales.server.routes.js", "JavaScript", 23, 0, 0, 0, 0, 0, 0, 0, 0, 5, 6, 34
"c:\Users\ferna\Documents\Desarrollo\SIMR\app\routes\idiomas.server.routes.js", "JavaScript", 13, 0, 0, 0, 0, 0, 0, 0, 0, 5, 5, 23
"c:\Users\ferna\Documents\Desarrollo\SIMR\app\routes\index.server.routes.js", "JavaScript", 4, 0, 0, 0, 0, 0, 0, 0, 0, 0, 1, 5
"c:\Users\ferna\Documents\Desarrollo\SIMR\app\routes\instrumentos.server.routes.js", "JavaScript", 13, 0, 0, 0, 0, 0, 0, 0, 0, 5, 5, 23
"c:\Users\ferna\Documents\Desarrollo\SIMR\app\routes\materias.server.routes.js", "JavaScript", 13, 0, 0, 0, 0, 0, 0, 0, 0, 5, 5, 23
"c:\Users\ferna\Documents\Desarrollo\SIMR\app\routes\medios.server.routes.js", "JavaScript", 13, 0, 0, 0, 0, 0, 0, 0, 0, 5, 5, 23
"c:\Users\ferna\Documents\Desarrollo\SIMR\app\routes\obras.server.routes.js", "JavaScript", 13, 0, 0, 0, 0, 0, 0, 0, 0, 5, 5, 23
"c:\Users\ferna\Documents\Desarrollo\SIMR\app\routes\proyectos.server.routes.js", "JavaScript", 13, 0, 0, 0, 0, 0, 0, 0, 0, 5, 5, 23
"c:\Users\ferna\Documents\Desarrollo\SIMR\app\routes\recursos.server.routes.js", "JavaScript", 13, 0, 0, 0, 0, 0, 0, 0, 0, 5, 5, 23
"c:\Users\ferna\Documents\Desarrollo\SIMR\app\routes\sistemas.server.routes.js", "JavaScript", 13, 0, 0, 0, 0, 0, 0, 0, 0, 5, 5, 23
"c:\Users\ferna\Documents\Desarrollo\SIMR\app\routes\users.server.routes.js", "JavaScript", 34, 0, 0, 0, 0, 0, 0, 0, 0, 10, 2, 46
"c:\Users\ferna\Documents\Desarrollo\SIMR\app\views\index.ejs", "HTML", 0, 0, 0, 284, 0, 0, 0, 0, 0, 6, 25, 315
"c:\Users\ferna\Documents\Desarrollo\SIMR\app\views\signin.ejs", "HTML", 0, 0, 0, 27, 0, 0, 0, 0, 0, 4, 3, 34
"c:\Users\ferna\Documents\Desarrollo\SIMR\app\views\signup.ejs", "HTML", 0, 0, 0, 32, 0, 0, 0, 0, 0, 4, 2, 38
"c:\Users\ferna\Documents\Desarrollo\SIMR\bower.json", "JSON", 0, 0, 16, 0, 0, 0, 0, 0, 0, 0, 1, 17
"c:\Users\ferna\Documents\Desarrollo\SIMR\config\config.js", "JavaScript", 1, 0, 0, 0, 0, 0, 0, 0, 0, 0, 2, 3
"c:\Users\ferna\Documents\Desarrollo\SIMR\config\env\development.js", "JavaScript", 9, 0, 0, 0, 0, 0, 0, 0, 0, 1, 1, 11
"c:\Users\ferna\Documents\Desarrollo\SIMR\config\env\production.js", "JavaScript", 9, 0, 0, 0, 0, 0, 0, 0, 0, 1, 1, 11
"c:\Users\ferna\Documents\Desarrollo\SIMR\config\express.js", "JavaScript", 54, 0, 0, 0, 0, 0, 0, 0, 0, 12, 2, 68
"c:\Users\ferna\Documents\Desarrollo\SIMR\config\mongoose.js", "JavaScript", 25, 0, 0, 0, 0, 0, 0, 0, 0, 7, 2, 34
"c:\Users\ferna\Documents\Desarrollo\SIMR\config\passport.js", "JavaScript", 18, 0, 0, 0, 0, 0, 0, 0, 0, 2, 5, 25
"c:\Users\ferna\Documents\Desarrollo\SIMR\config\strategies\google.js", "JavaScript", 29, 0, 0, 0, 0, 0, 0, 0, 0, 0, 3, 32
"c:\Users\ferna\Documents\Desarrollo\SIMR\config\strategies\local.js", "JavaScript", 25, 0, 0, 0, 0, 0, 0, 0, 0, 1, 1, 27
"c:\Users\ferna\Documents\Desarrollo\SIMR\package-lock.json", "JSON", 0, 0, 5101, 0, 0, 0, 0, 0, 0, 0, 1, 5102
"c:\Users\ferna\Documents\Desarrollo\SIMR\package.json", "JSON", 0, 0, 42, 0, 0, 0, 0, 0, 0, 0, 1, 43
"c:\Users\ferna\Documents\Desarrollo\SIMR\public\actores\actores.client.module.js", "JavaScript", 1, 0, 0, 0, 0, 0, 0, 0, 0, 0, 1, 2
"c:\Users\ferna\Documents\Desarrollo\SIMR\public\actores\config\actores.client.routes.js", "JavaScript", 18, 0, 0, 0, 0, 0, 0, 0, 0, 1, 0, 19
"c:\Users\ferna\Documents\Desarrollo\SIMR\public\actores\controllers\actores.client.controller.js", "JavaScript", 734, 0, 0, 0, 0, 0, 0, 0, 0, 67, 40, 841
"c:\Users\ferna\Documents\Desarrollo\SIMR\public\actores\services\actores.client.service.js", "JavaScript", 10, 0, 0, 0, 0, 0, 0, 0, 0, 3, 2, 15
"c:\Users\ferna\Documents\Desarrollo\SIMR\public\actores\views\create-actor.client.view.html", "HTML", 0, 0, 0, 315, 0, 0, 0, 0, 0, 34, 41, 390
"c:\Users\ferna\Documents\Desarrollo\SIMR\public\actores\views\edit-actor.client.view.html", "HTML", 0, 0, 0, 317, 0, 0, 0, 0, 0, 33, 37, 387
"c:\Users\ferna\Documents\Desarrollo\SIMR\public\actores\views\list-actor.client.view.html", "HTML", 0, 0, 0, 57, 0, 0, 0, 0, 0, 5, 9, 71
"c:\Users\ferna\Documents\Desarrollo\SIMR\public\actores\views\view-actor.client.view.html", "HTML", 0, 0, 0, 55, 0, 0, 0, 0, 0, 5, 13, 73
"c:\Users\ferna\Documents\Desarrollo\SIMR\public\application.js", "JavaScript", 31, 0, 0, 0, 0, 0, 0, 0, 0, 0, 3, 34
"c:\Users\ferna\Documents\Desarrollo\SIMR\public\colecciones\colecciones.client.module.js", "JavaScript", 1, 0, 0, 0, 0, 0, 0, 0, 0, 0, 1, 2
"c:\Users\ferna\Documents\Desarrollo\SIMR\public\colecciones\config\colecciones.client.routes.js", "JavaScript", 18, 0, 0, 0, 0, 0, 0, 0, 0, 1, 0, 19
"c:\Users\ferna\Documents\Desarrollo\SIMR\public\colecciones\controllers\colecciones.client.controller.js", "JavaScript", 234, 0, 0, 0, 0, 0, 0, 0, 0, 37, 22, 293
"c:\Users\ferna\Documents\Desarrollo\SIMR\public\colecciones\services\colecciones.client.service.js", "JavaScript", 10, 0, 0, 0, 0, 0, 0, 0, 0, 3, 2, 15
"c:\Users\ferna\Documents\Desarrollo\SIMR\public\colecciones\views\create-coleccion.client.view.html", "HTML", 0, 0, 0, 120, 0, 0, 0, 0, 0, 13, 21, 154
"c:\Users\ferna\Documents\Desarrollo\SIMR\public\colecciones\views\edit-coleccion.client.view.html", "HTML", 0, 0, 0, 123, 0, 0, 0, 0, 0, 13, 10, 146
"c:\Users\ferna\Documents\Desarrollo\SIMR\public\colecciones\views\list-coleccion.client.view.html", "HTML", 0, 0, 0, 64, 0, 0, 0, 0, 0, 5, 12, 81
"c:\Users\ferna\Documents\Desarrollo\SIMR\public\colecciones\views\view-coleccion.client.view.html", "HTML", 0, 0, 0, 43, 0, 0, 0, 0, 0, 5, 6, 54
"c:\Users\ferna\Documents\Desarrollo\SIMR\public\diccionarios\config\diccionarios.client.routes.js", "JavaScript", 18, 0, 0, 0, 0, 0, 0, 0, 0, 1, 0, 19
"c:\Users\ferna\Documents\Desarrollo\SIMR\public\diccionarios\controllers\diccionarios.client.controller.js", "JavaScript", 149, 0, 0, 0, 0, 0, 0, 0, 0, 41, 13, 203
"c:\Users\ferna\Documents\Desarrollo\SIMR\public\diccionarios\diccionarios.client.module.js", "JavaScript", 1, 0, 0, 0, 0, 0, 0, 0, 0, 0, 1, 2
"c:\Users\ferna\Documents\Desarrollo\SIMR\public\diccionarios\services\diccionarios.client.service.js", "JavaScript", 10, 0, 0, 0, 0, 0, 0, 0, 0, 3, 2, 15
"c:\Users\ferna\Documents\Desarrollo\SIMR\public\diccionarios\views\create-diccionario.client.view.html", "HTML", 0, 0, 0, 117, 0, 0, 0, 0, 0, 14, 7, 138
"c:\Users\ferna\Documents\Desarrollo\SIMR\public\diccionarios\views\edit-diccionario.client.view.html", "HTML", 0, 0, 0, 118, 0, 0, 0, 0, 0, 14, 7, 139
"c:\Users\ferna\Documents\Desarrollo\SIMR\public\diccionarios\views\list-diccionario.client.view.html", "HTML", 0, 0, 0, 64, 0, 0, 0, 0, 0, 5, 9, 78
"c:\Users\ferna\Documents\Desarrollo\SIMR\public\diccionarios\views\view-diccionario.client.view.html", "HTML", 0, 0, 0, 43, 0, 0, 0, 0, 0, 5, 5, 53
"c:\Users\ferna\Documents\Desarrollo\SIMR\public\ejemplares\config\ejemplares.client.routes.js", "JavaScript", 18, 0, 0, 0, 0, 0, 0, 0, 0, 1, 0, 19
"c:\Users\ferna\Documents\Desarrollo\SIMR\public\ejemplares\controllers\ejemplares.client.controller.js", "JavaScript", 314, 0, 0, 0, 0, 0, 0, 0, 0, 37, 25, 376
"c:\Users\ferna\Documents\Desarrollo\SIMR\public\ejemplares\ejemplares.client.module.js", "JavaScript", 1, 0, 0, 0, 0, 0, 0, 0, 0, 0, 1, 2
"c:\Users\ferna\Documents\Desarrollo\SIMR\public\ejemplares\services\ejemplares.client.service.js", "JavaScript", 10, 0, 0, 0, 0, 0, 0, 0, 0, 3, 2, 15
"c:\Users\ferna\Documents\Desarrollo\SIMR\public\ejemplares\views\create-ejemplar.client.view.html", "HTML", 0, 0, 0, 234, 0, 0, 0, 0, 0, 24, 35, 293
"c:\Users\ferna\Documents\Desarrollo\SIMR\public\ejemplares\views\edit-ejemplar.client.view.html", "HTML", 0, 0, 0, 235, 0, 0, 0, 0, 0, 24, 35, 294
"c:\Users\ferna\Documents\Desarrollo\SIMR\public\ejemplares\views\list-ejemplar.client.view.html", "HTML", 0, 0, 0, 73, 0, 0, 0, 0, 0, 5, 12, 90
"c:\Users\ferna\Documents\Desarrollo\SIMR\public\ejemplares\views\view-ejemplar.client.view.html", "HTML", 0, 0, 0, 51, 0, 0, 0, 0, 0, 5, 9, 65
"c:\Users\ferna\Documents\Desarrollo\SIMR\public\example\config\example.client.routes.js", "JavaScript", 17, 0, 0, 0, 0, 0, 0, 0, 0, 0, 0, 17
"c:\Users\ferna\Documents\Desarrollo\SIMR\public\example\controllers\example.client.controller.js", "JavaScript", 17, 0, 0, 0, 0, 0, 0, 0, 0, 2, 1, 20
"c:\Users\ferna\Documents\Desarrollo\SIMR\public\example\example.client.module.js", "JavaScript", 1, 0, 0, 0, 0, 0, 0, 0, 0, 0, 2, 3
"c:\Users\ferna\Documents\Desarrollo\SIMR\public\example\views\example.client.view.html", "HTML", 0, 0, 0, 116, 0, 0, 0, 0, 0, 26, 12, 154
"c:\Users\ferna\Documents\Desarrollo\SIMR\public\fondos\config\fondos.client.routes.js", "JavaScript", 18, 0, 0, 0, 0, 0, 0, 0, 0, 1, 0, 19
"c:\Users\ferna\Documents\Desarrollo\SIMR\public\fondos\controllers\fondos.client.controller.js", "JavaScript", 248, 0, 0, 0, 0, 0, 0, 0, 0, 35, 26, 309
"c:\Users\ferna\Documents\Desarrollo\SIMR\public\fondos\fondos.client.module.js", "JavaScript", 1, 0, 0, 0, 0, 0, 0, 0, 0, 0, 1, 2
"c:\Users\ferna\Documents\Desarrollo\SIMR\public\fondos\services\fondos.client.service.js", "JavaScript", 10, 0, 0, 0, 0, 0, 0, 0, 0, 3, 2, 15
"c:\Users\ferna\Documents\Desarrollo\SIMR\public\fondos\views\create-fondo.client.view.html", "HTML", 0, 0, 0, 124, 0, 0, 0, 0, 0, 14, 10, 148
"c:\Users\ferna\Documents\Desarrollo\SIMR\public\fondos\views\edit-fondo.client.view.html", "HTML", 0, 0, 0, 124, 0, 0, 0, 0, 0, 15, 9, 148
"c:\Users\ferna\Documents\Desarrollo\SIMR\public\fondos\views\list-fondo.client.view.html", "HTML", 0, 0, 0, 62, 0, 0, 0, 0, 0, 5, 11, 78
"c:\Users\ferna\Documents\Desarrollo\SIMR\public\fondos\views\view-fondo.client.view.html", "HTML", 0, 0, 0, 43, 0, 0, 0, 0, 0, 5, 6, 54
"c:\Users\ferna\Documents\Desarrollo\SIMR\public\funcionesGenerales.js", "JavaScript", 137, 0, 0, 0, 0, 0, 0, 0, 0, 10, 17, 164
"c:\Users\ferna\Documents\Desarrollo\SIMR\public\generos\config\generos.client.routes.js", "JavaScript", 18, 0, 0, 0, 0, 0, 0, 0, 0, 1, 0, 19
"c:\Users\ferna\Documents\Desarrollo\SIMR\public\generos\controllers\generos.client.controller.js", "JavaScript", 1273, 0, 0, 0, 0, 0, 0, 0, 0, 92, 83, 1448
"c:\Users\ferna\Documents\Desarrollo\SIMR\public\generos\generos.client.module.js", "JavaScript", 1, 0, 0, 0, 0, 0, 0, 0, 0, 0, 1, 2
"c:\Users\ferna\Documents\Desarrollo\SIMR\public\generos\services\generos.client.service.js", "JavaScript", 18, 0, 0, 0, 0, 0, 0, 0, 0, 2, 2, 22
"c:\Users\ferna\Documents\Desarrollo\SIMR\public\generos\views\create-genero.client.view.html", "HTML", 0, 0, 0, 562, 0, 0, 0, 0, 0, 52, 75, 689
"c:\Users\ferna\Documents\Desarrollo\SIMR\public\generos\views\edit-genero.client.view.html", "HTML", 0, 0, 0, 574, 0, 0, 0, 0, 0, 53, 75, 702
"c:\Users\ferna\Documents\Desarrollo\SIMR\public\generos\views\list-genero.client.view.html", "HTML", 0, 0, 0, 74, 0, 0, 0, 0, 0, 5, 11, 90
"c:\Users\ferna\Documents\Desarrollo\SIMR\public\generos\views\view-genero.client.view.html", "HTML", 0, 0, 0, 77, 0, 0, 0, 0, 0, 5, 20, 102
"c:\Users\ferna\Documents\Desarrollo\SIMR\public\generosnomusicales\config\generosnomusicales.client.routes.js", "JavaScript", 23, 0, 0, 0, 0, 0, 0, 0, 0, 1, 1, 25
"c:\Users\ferna\Documents\Desarrollo\SIMR\public\generosnomusicales\controllers\generosnomusicales.client.controller.js", "JavaScript", 979, 0, 0, 0, 0, 0, 0, 0, 0, 75, 58, 1112
"c:\Users\ferna\Documents\Desarrollo\SIMR\public\generosnomusicales\generosnomusicales.client.module.js", "JavaScript", 1, 0, 0, 0, 0, 0, 0, 0, 0, 0, 1, 2
"c:\Users\ferna\Documents\Desarrollo\SIMR\public\generosnomusicales\services\generosnomusicales.client.service.js", "JavaScript", 17, 0, 0, 0, 0, 0, 0, 0, 0, 3, 2, 22
"c:\Users\ferna\Documents\Desarrollo\SIMR\public\generosnomusicales\views\create-generonomusical.client.view.html", "HTML", 0, 0, 0, 434, 0, 0, 0, 0, 0, 43, 56, 533
"c:\Users\ferna\Documents\Desarrollo\SIMR\public\generosnomusicales\views\edit-generonomusical.client.view.html", "HTML", 0, 0, 0, 442, 0, 0, 0, 0, 0, 43, 55, 540
"c:\Users\ferna\Documents\Desarrollo\SIMR\public\generosnomusicales\views\list-generonomusical.client.view.html", "HTML", 0, 0, 0, 78, 0, 0, 0, 0, 0, 5, 8, 91
"c:\Users\ferna\Documents\Desarrollo\SIMR\public\generosnomusicales\views\view-generonomusical.client.view.html", "HTML", 0, 0, 0, 64, 0, 0, 0, 0, 0, 5, 17, 86
"c:\Users\ferna\Documents\Desarrollo\SIMR\public\idiomas\config\idiomas.client.routes.js", "JavaScript", 18, 0, 0, 0, 0, 0, 0, 0, 0, 1, 0, 19
"c:\Users\ferna\Documents\Desarrollo\SIMR\public\idiomas\controllers\idiomas.client.controller.js", "JavaScript", 131, 0, 0, 0, 0, 0, 0, 0, 0, 28, 12, 171
"c:\Users\ferna\Documents\Desarrollo\SIMR\public\idiomas\idiomas.client.module.js", "JavaScript", 1, 0, 0, 0, 0, 0, 0, 0, 0, 0, 1, 2
"c:\Users\ferna\Documents\Desarrollo\SIMR\public\idiomas\services\idiomas.client.service.js", "JavaScript", 10, 0, 0, 0, 0, 0, 0, 0, 0, 3, 2, 15
"c:\Users\ferna\Documents\Desarrollo\SIMR\public\idiomas\views\create-idioma.client.view.html", "HTML", 0, 0, 0, 20, 0, 0, 0, 0, 0, 2, 5, 27
"c:\Users\ferna\Documents\Desarrollo\SIMR\public\idiomas\views\edit-idioma.client.view.html", "HTML", 0, 0, 0, 20, 0, 0, 0, 0, 0, 2, 3, 25
"c:\Users\ferna\Documents\Desarrollo\SIMR\public\idiomas\views\list-idioma.client.view.html", "HTML", 0, 0, 0, 42, 0, 0, 0, 0, 0, 5, 6, 53
"c:\Users\ferna\Documents\Desarrollo\SIMR\public\idiomas\views\view-idioma.client.view.html", "HTML", 0, 0, 0, 31, 0, 0, 0, 0, 0, 5, 3, 39
"c:\Users\ferna\Documents\Desarrollo\SIMR\public\instrumentos\config\instrumentos.client.routes.js", "JavaScript", 18, 0, 0, 0, 0, 0, 0, 0, 0, 1, 0, 19
"c:\Users\ferna\Documents\Desarrollo\SIMR\public\instrumentos\controllers\instrumentos.client.controller.js", "JavaScript", 726, 0, 0, 0, 0, 0, 0, 0, 0, 62, 40, 828
"c:\Users\ferna\Documents\Desarrollo\SIMR\public\instrumentos\instrumentos.client.module.js", "JavaScript", 1, 0, 0, 0, 0, 0, 0, 0, 0, 0, 1, 2
"c:\Users\ferna\Documents\Desarrollo\SIMR\public\instrumentos\services\instrumentos.client.service.js", "JavaScript", 10, 0, 0, 0, 0, 0, 0, 0, 0, 3, 2, 15
"c:\Users\ferna\Documents\Desarrollo\SIMR\public\instrumentos\views\create-instrumento.client.view.html", "HTML", 0, 0, 0, 308, 0, 0, 0, 0, 0, 29, 44, 381
"c:\Users\ferna\Documents\Desarrollo\SIMR\public\instrumentos\views\edit-instrumento.client.view.html", "HTML", 0, 0, 0, 313, 0, 0, 0, 0, 0, 29, 43, 385
"c:\Users\ferna\Documents\Desarrollo\SIMR\public\instrumentos\views\list-instrumento.client.view.html", "HTML", 0, 0, 0, 62, 0, 0, 0, 0, 0, 5, 9, 76
"c:\Users\ferna\Documents\Desarrollo\SIMR\public\instrumentos\views\view-instrumento.client.view.html", "HTML", 0, 0, 0, 52, 0, 0, 0, 0, 0, 5, 16, 73
"c:\Users\ferna\Documents\Desarrollo\SIMR\public\lib\angular-resource\.bower.json", "JSON", 0, 0, 20, 0, 0, 0, 0, 0, 0, 0, 0, 20
"c:\Users\ferna\Documents\Desarrollo\SIMR\public\lib\angular-resource\LICENSE.md", "Markdown", 0, 17, 0, 0, 0, 0, 0, 0, 0, 0, 5, 22
"c:\Users\ferna\Documents\Desarrollo\SIMR\public\lib\angular-resource\README.md", "Markdown", 0, 47, 0, 0, 0, 0, 0, 0, 0, 0, 22, 69
"c:\Users\ferna\Documents\Desarrollo\SIMR\public\lib\angular-resource\angular-resource.js", "JavaScript", 307, 0, 0, 0, 0, 0, 0, 0, 0, 497, 60, 864
"c:\Users\ferna\Documents\Desarrollo\SIMR\public\lib\angular-resource\angular-resource.min.js", "JavaScript", 9, 0, 0, 0, 0, 0, 0, 0, 0, 6, 1, 16
"c:\Users\ferna\Documents\Desarrollo\SIMR\public\lib\angular-resource\bower.json", "JSON", 0, 0, 10, 0, 0, 0, 0, 0, 0, 0, 1, 11
"c:\Users\ferna\Documents\Desarrollo\SIMR\public\lib\angular-resource\index.js", "JavaScript", 2, 0, 0, 0, 0, 0, 0, 0, 0, 0, 1, 3
"c:\Users\ferna\Documents\Desarrollo\SIMR\public\lib\angular-resource\package.json", "JSON", 0, 0, 33, 0, 0, 0, 0, 0, 0, 0, 1, 34
"c:\Users\ferna\Documents\Desarrollo\SIMR\public\lib\angular-route\.bower.json", "JSON", 0, 0, 20, 0, 0, 0, 0, 0, 0, 0, 0, 20
"c:\Users\ferna\Documents\Desarrollo\SIMR\public\lib\angular-route\LICENSE.md", "Markdown", 0, 17, 0, 0, 0, 0, 0, 0, 0, 0, 5, 22
"c:\Users\ferna\Documents\Desarrollo\SIMR\public\lib\angular-route\README.md", "Markdown", 0, 47, 0, 0, 0, 0, 0, 0, 0, 0, 22, 69
"c:\Users\ferna\Documents\Desarrollo\SIMR\public\lib\angular-route\angular-route.js", "JavaScript", 344, 0, 0, 0, 0, 0, 0, 0, 0, 650, 76, 1070
"c:\Users\ferna\Documents\Desarrollo\SIMR\public\lib\angular-route\angular-route.min.js", "JavaScript", 10, 0, 0, 0, 0, 0, 0, 0, 0, 6, 1, 17
"c:\Users\ferna\Documents\Desarrollo\SIMR\public\lib\angular-route\bower.json", "JSON", 0, 0, 10, 0, 0, 0, 0, 0, 0, 0, 1, 11
"c:\Users\ferna\Documents\Desarrollo\SIMR\public\lib\angular-route\index.js", "JavaScript", 2, 0, 0, 0, 0, 0, 0, 0, 0, 0, 1, 3
"c:\Users\ferna\Documents\Desarrollo\SIMR\public\lib\angular-route\package.json", "JSON", 0, 0, 33, 0, 0, 0, 0, 0, 0, 0, 1, 34
"c:\Users\ferna\Documents\Desarrollo\SIMR\public\lib\angular\.bower.json", "JSON", 0, 0, 18, 0, 0, 0, 0, 0, 0, 0, 0, 18
"c:\Users\ferna\Documents\Desarrollo\SIMR\public\lib\angular\LICENSE.md", "Markdown", 0, 17, 0, 0, 0, 0, 0, 0, 0, 0, 5, 22
"c:\Users\ferna\Documents\Desarrollo\SIMR\public\lib\angular\README.md", "Markdown", 0, 44, 0, 0, 0, 0, 0, 0, 0, 0, 21, 65
"c:\Users\ferna\Documents\Desarrollo\SIMR\public\lib\angular\angular-csp.css", "CSS", 0, 0, 0, 0, 15, 0, 0, 0, 0, 1, 6, 22
"c:\Users\ferna\Documents\Desarrollo\SIMR\public\lib\angular\angular.js", "JavaScript", 12185, 0, 0, 0, 0, 0, 0, 0, 0, 17136, 2447, 31768
"c:\Users\ferna\Documents\Desarrollo\SIMR\public\lib\angular\angular.min.js", "JavaScript", 111, 0, 0, 0, 0, 0, 0, 0, 0, 208, 0, 319
"c:\Users\ferna\Documents\Desarrollo\SIMR\public\lib\angular\bower.json", "JSON", 0, 0, 9, 0, 0, 0, 0, 0, 0, 0, 1, 10
"c:\Users\ferna\Documents\Desarrollo\SIMR\public\lib\angular\index.js", "JavaScript", 2, 0, 0, 0, 0, 0, 0, 0, 0, 0, 1, 3
"c:\Users\ferna\Documents\Desarrollo\SIMR\public\lib\angular\package.json", "JSON", 0, 0, 25, 0, 0, 0, 0, 0, 0, 0, 1, 26
"c:\Users\ferna\Documents\Desarrollo\SIMR\public\lib\bootstrap-css\.bower.json", "JSON", 0, 0, 39, 0, 0, 0, 0, 0, 0, 0, 0, 39
"c:\Users\ferna\Documents\Desarrollo\SIMR\public\lib\bootstrap-css\README.md", "Markdown", 0, 21, 0, 0, 0, 0, 0, 0, 0, 0, 10, 31
"c:\Users\ferna\Documents\Desarrollo\SIMR\public\lib\bootstrap-css\bower.json", "JSON", 0, 0, 30, 0, 0, 0, 0, 0, 0, 0, 1, 31
"c:\Users\ferna\Documents\Desarrollo\SIMR\public\lib\bootstrap-css\css\bootstrap-theme.css", "CSS", 0, 0, 0, 0, 581, 0, 0, 0, 0, 6, 1, 588
"c:\Users\ferna\Documents\Desarrollo\SIMR\public\lib\bootstrap-css\css\bootstrap-theme.min.css", "CSS", 0, 0, 0, 0, 1, 0, 0, 0, 0, 5, 0, 6
"c:\Users\ferna\Documents\Desarrollo\SIMR\public\lib\bootstrap-css\css\bootstrap.css", "CSS", 0, 0, 0, 0, 6745, 0, 0, 0, 0, 8, 8, 6761
"c:\Users\ferna\Documents\Desarrollo\SIMR\public\lib\bootstrap-css\css\bootstrap.min.css", "CSS", 0, 0, 0, 0, 1, 0, 0, 0, 0, 5, 0, 6
"c:\Users\ferna\Documents\Desarrollo\SIMR\public\lib\bootstrap-css\fonts\glyphicons-halflings-regular.svg", "XML", 0, 0, 0, 0, 0, 0, 0, 0, 288, 0, 0, 288
"c:\Users\ferna\Documents\Desarrollo\SIMR\public\lib\bootstrap-css\js\bootstrap.js", "JavaScript", 1588, 0, 0, 0, 0, 0, 0, 0, 0, 193, 583, 2364
"c:\Users\ferna\Documents\Desarrollo\SIMR\public\lib\bootstrap-css\js\bootstrap.min.js", "JavaScript", 2, 0, 0, 0, 0, 0, 0, 0, 0, 5, 0, 7
"c:\Users\ferna\Documents\Desarrollo\SIMR\public\lib\bootstrap-select\.bower.json", "JSON", 0, 0, 41, 0, 0, 0, 0, 0, 0, 0, 0, 41
"c:\Users\ferna\Documents\Desarrollo\SIMR\public\lib\bootstrap-select\bower.json", "JSON", 0, 0, 31, 0, 0, 0, 0, 0, 0, 0, 1, 32
"c:\Users\ferna\Documents\Desarrollo\SIMR\public\lib\bootstrap-select\dist\css\bootstrap-select.css", "CSS", 0, 0, 0, 0, 273, 0, 0, 0, 0, 8, 1, 282
"c:\Users\ferna\Documents\Desarrollo\SIMR\public\lib\bootstrap-select\dist\css\bootstrap-select.min.css", "CSS", 0, 0, 0, 0, 1, 0, 0, 0, 0, 5, 0, 6
"c:\Users\ferna\Documents\Desarrollo\SIMR\public\lib\bootstrap-select\dist\js\bootstrap-select.js", "JavaScript", 1395, 0, 0, 0, 0, 0, 0, 0, 0, 114, 227, 1736
"c:\Users\ferna\Documents\Desarrollo\SIMR\public\lib\bootstrap-select\dist\js\bootstrap-select.min.js", "JavaScript", 1, 0, 0, 0, 0, 0, 0, 0, 0, 7, 0, 8
"c:\Users\ferna\Documents\Desarrollo\SIMR\public\lib\bootstrap-select\dist\js\i18n\defaults-ar_AR.js", "JavaScript", 30, 0, 0, 0, 0, 0, 0, 0, 0, 15, 5, 50
"c:\Users\ferna\Documents\Desarrollo\SIMR\public\lib\bootstrap-select\dist\js\i18n\defaults-ar_AR.min.js", "JavaScript", 2, 0, 0, 0, 0, 0, 0, 0, 0, 10, 0, 12
"c:\Users\ferna\Documents\Desarrollo\SIMR\public\lib\bootstrap-select\dist\js\i18n\defaults-bg_BG.js", "JavaScript", 30, 0, 0, 0, 0, 0, 0, 0, 0, 10, 5, 45
"c:\Users\ferna\Documents\Desarrollo\SIMR\public\lib\bootstrap-select\dist\js\i18n\defaults-bg_BG.min.js", "JavaScript", 1, 0, 0, 0, 0, 0, 0, 0, 0, 6, 0, 7
"c:\Users\ferna\Documents\Desarrollo\SIMR\public\lib\bootstrap-select\dist\js\i18n\defaults-cro_CRO.js", "JavaScript", 30, 0, 0, 0, 0, 0, 0, 0, 0, 10, 5, 45
"c:\Users\ferna\Documents\Desarrollo\SIMR\public\lib\bootstrap-select\dist\js\i18n\defaults-cro_CRO.min.js", "JavaScript", 1, 0, 0, 0, 0, 0, 0, 0, 0, 6, 0, 7
"c:\Users\ferna\Documents\Desarrollo\SIMR\public\lib\bootstrap-select\dist\js\i18n\defaults-cs_CZ.js", "JavaScript", 21, 0, 0, 0, 0, 0, 0, 0, 0, 10, 5, 36
"c:\Users\ferna\Documents\Desarrollo\SIMR\public\lib\bootstrap-select\dist\js\i18n\defaults-cs_CZ.min.js", "JavaScript", 1, 0, 0, 0, 0, 0, 0, 0, 0, 6, 0, 7
"c:\Users\ferna\Documents\Desarrollo\SIMR\public\lib\bootstrap-select\dist\js\i18n\defaults-da_DK.js", "JavaScript", 30, 0, 0, 0, 0, 0, 0, 0, 0, 10, 5, 45
"c:\Users\ferna\Documents\Desarrollo\SIMR\public\lib\bootstrap-select\dist\js\i18n\defaults-da_DK.min.js", "JavaScript", 1, 0, 0, 0, 0, 0, 0, 0, 0, 6, 0, 7
"c:\Users\ferna\Documents\Desarrollo\SIMR\public\lib\bootstrap-select\dist\js\i18n\defaults-de_DE.js", "JavaScript", 21, 0, 0, 0, 0, 0, 0, 0, 0, 10, 5, 36
"c:\Users\ferna\Documents\Desarrollo\SIMR\public\lib\bootstrap-select\dist\js\i18n\defaults-de_DE.min.js", "JavaScript", 1, 0, 0, 0, 0, 0, 0, 0, 0, 6, 0, 7
"c:\Users\ferna\Documents\Desarrollo\SIMR\public\lib\bootstrap-select\dist\js\i18n\defaults-en_US.js", "JavaScript", 30, 0, 0, 0, 0, 0, 0, 0, 0, 10, 5, 45
"c:\Users\ferna\Documents\Desarrollo\SIMR\public\lib\bootstrap-select\dist\js\i18n\defaults-en_US.min.js", "JavaScript", 1, 0, 0, 0, 0, 0, 0, 0, 0, 6, 0, 7
"c:\Users\ferna\Documents\Desarrollo\SIMR\public\lib\bootstrap-select\dist\js\i18n\defaults-es_CL.js", "JavaScript", 21, 0, 0, 0, 0, 0, 0, 0, 0, 10, 5, 36
"c:\Users\ferna\Documents\Desarrollo\SIMR\public\lib\bootstrap-select\dist\js\i18n\defaults-es_CL.min.js", "JavaScript", 1, 0, 0, 0, 0, 0, 0, 0, 0, 6, 0, 7
"c:\Users\ferna\Documents\Desarrollo\SIMR\public\lib\bootstrap-select\dist\js\i18n\defaults-eu.js", "JavaScript", 21, 0, 0, 0, 0, 0, 0, 0, 0, 10, 5, 36
"c:\Users\ferna\Documents\Desarrollo\SIMR\public\lib\bootstrap-select\dist\js\i18n\defaults-eu.min.js", "JavaScript", 1, 0, 0, 0, 0, 0, 0, 0, 0, 6, 0, 7
"c:\Users\ferna\Documents\Desarrollo\SIMR\public\lib\bootstrap-select\dist\js\i18n\defaults-fa_IR.js", "JavaScript", 23, 0, 0, 0, 0, 0, 0, 0, 0, 10, 5, 38
"c:\Users\ferna\Documents\Desarrollo\SIMR\public\lib\bootstrap-select\dist\js\i18n\defaults-fa_IR.min.js", "JavaScript", 1, 0, 0, 0, 0, 0, 0, 0, 0, 6, 0, 7
"c:\Users\ferna\Documents\Desarrollo\SIMR\public\lib\bootstrap-select\dist\js\i18n\defaults-fi_FI.js", "JavaScript", 30, 0, 0, 0, 0, 0, 0, 0, 0, 10, 5, 45
"c:\Users\ferna\Documents\Desarrollo\SIMR\public\lib\bootstrap-select\dist\js\i18n\defaults-fi_FI.min.js", "JavaScript", 1, 0, 0, 0, 0, 0, 0, 0, 0, 6, 0, 7
"c:\Users\ferna\Documents\Desarrollo\SIMR\public\lib\bootstrap-select\dist\js\i18n\defaults-fr_FR.js", "JavaScript", 30, 0, 0, 0, 0, 0, 0, 0, 0, 10, 5, 45
"c:\Users\ferna\Documents\Desarrollo\SIMR\public\lib\bootstrap-select\dist\js\i18n\defaults-fr_FR.min.js", "JavaScript", 1, 0, 0, 0, 0, 0, 0, 0, 0, 6, 0, 7
"c:\Users\ferna\Documents\Desarrollo\SIMR\public\lib\bootstrap-select\dist\js\i18n\defaults-hu_HU.js", "JavaScript", 30, 0, 0, 0, 0, 0, 0, 0, 0, 10, 5, 45
"c:\Users\ferna\Documents\Desarrollo\SIMR\public\lib\bootstrap-select\dist\js\i18n\defaults-hu_HU.min.js", "JavaScript", 1, 0, 0, 0, 0, 0, 0, 0, 0, 6, 0, 7
"c:\Users\ferna\Documents\Desarrollo\SIMR\public\lib\bootstrap-select\dist\js\i18n\defaults-id_ID.js", "JavaScript", 23, 0, 0, 0, 0, 0, 0, 0, 0, 10, 5, 38
"c:\Users\ferna\Documents\Desarrollo\SIMR\public\lib\bootstrap-select\dist\js\i18n\defaults-id_ID.min.js", "JavaScript", 1, 0, 0, 0, 0, 0, 0, 0, 0, 6, 0, 7
"c:\Users\ferna\Documents\Desarrollo\SIMR\public\lib\bootstrap-select\dist\js\i18n\defaults-it_IT.js", "JavaScript", 21, 0, 0, 0, 0, 0, 0, 0, 0, 10, 5, 36
"c:\Users\ferna\Documents\Desarrollo\SIMR\public\lib\bootstrap-select\dist\js\i18n\defaults-it_IT.min.js", "JavaScript", 1, 0, 0, 0, 0, 0, 0, 0, 0, 6, 0, 7
"c:\Users\ferna\Documents\Desarrollo\SIMR\public\lib\bootstrap-select\dist\js\i18n\defaults-ko_KR.js", "JavaScript", 30, 0, 0, 0, 0, 0, 0, 0, 0, 10, 5, 45
"c:\Users\ferna\Documents\Desarrollo\SIMR\public\lib\bootstrap-select\dist\js\i18n\defaults-ko_KR.min.js", "JavaScript", 1, 0, 0, 0, 0, 0, 0, 0, 0, 6, 0, 7
"c:\Users\ferna\Documents\Desarrollo\SIMR\public\lib\bootstrap-select\dist\js\i18n\defaults-lt_LT.js", "JavaScript", 30, 0, 0, 0, 0, 0, 0, 0, 0, 10, 5, 45
"c:\Users\ferna\Documents\Desarrollo\SIMR\public\lib\bootstrap-select\dist\js\i18n\defaults-lt_LT.min.js", "JavaScript", 1, 0, 0, 0, 0, 0, 0, 0, 0, 6, 0, 7
"c:\Users\ferna\Documents\Desarrollo\SIMR\public\lib\bootstrap-select\dist\js\i18n\defaults-nb_NO.js", "JavaScript", 42, 0, 0, 0, 0, 0, 0, 0, 0, 20, 9, 71
"c:\Users\ferna\Documents\Desarrollo\SIMR\public\lib\bootstrap-select\dist\js\i18n\defaults-nb_NO.min.js", "JavaScript", 2, 0, 0, 0, 0, 0, 0, 0, 0, 11, 0, 13
"c:\Users\ferna\Documents\Desarrollo\SIMR\public\lib\bootstrap-select\dist\js\i18n\defaults-nl_NL.js", "JavaScript", 21, 0, 0, 0, 0, 0, 0, 0, 0, 10, 5, 36
"c:\Users\ferna\Documents\Desarrollo\SIMR\public\lib\bootstrap-select\dist\js\i18n\defaults-nl_NL.min.js", "JavaScript", 1, 0, 0, 0, 0, 0, 0, 0, 0, 6, 0, 7
"c:\Users\ferna\Documents\Desarrollo\SIMR\public\lib\bootstrap-select\dist\js\i18n\defaults-pl_PL.js", "JavaScript", 23, 0, 0, 0, 0, 0, 0, 0, 0, 10, 5, 38
"c:\Users\ferna\Documents\Desarrollo\SIMR\public\lib\bootstrap-select\dist\js\i18n\defaults-pl_PL.min.js", "JavaScript", 1, 0, 0, 0, 0, 0, 0, 0, 0, 6, 0, 7
"c:\Users\ferna\Documents\Desarrollo\SIMR\public\lib\bootstrap-select\dist\js\i18n\defaults-pt_BR.js", "JavaScript", 21, 0, 0, 0, 0, 0, 0, 0, 0, 10, 5, 36
"c:\Users\ferna\Documents\Desarrollo\SIMR\public\lib\bootstrap-select\dist\js\i18n\defaults-pt_BR.min.js", "JavaScript", 1, 0, 0, 0, 0, 0, 0, 0, 0, 6, 0, 7
"c:\Users\ferna\Documents\Desarrollo\SIMR\public\lib\bootstrap-select\dist\js\i18n\defaults-pt_PT.js", "JavaScript", 21, 0, 0, 0, 0, 0, 0, 0, 0, 10, 5, 36
"c:\Users\ferna\Documents\Desarrollo\SIMR\public\lib\bootstrap-select\dist\js\i18n\defaults-pt_PT.min.js", "JavaScript", 1, 0, 0, 0, 0, 0, 0, 0, 0, 6, 0, 7
"c:\Users\ferna\Documents\Desarrollo\SIMR\public\lib\bootstrap-select\dist\js\i18n\defaults-ro_RO.js", "JavaScript", 21, 0, 0, 0, 0, 0, 0, 0, 0, 10, 5, 36
"c:\Users\ferna\Documents\Desarrollo\SIMR\public\lib\bootstrap-select\dist\js\i18n\defaults-ro_RO.min.js", "JavaScript", 1, 0, 0, 0, 0, 0, 0, 0, 0, 6, 0, 7
"c:\Users\ferna\Documents\Desarrollo\SIMR\public\lib\bootstrap-select\dist\js\i18n\defaults-ru_RU.js", "JavaScript", 22, 0, 0, 0, 0, 0, 0, 0, 0, 10, 5, 37
"c:\Users\ferna\Documents\Desarrollo\SIMR\public\lib\bootstrap-select\dist\js\i18n\defaults-ru_RU.min.js", "JavaScript", 1, 0, 0, 0, 0, 0, 0, 0, 0, 6, 0, 7
"c:\Users\ferna\Documents\Desarrollo\SIMR\public\lib\bootstrap-select\dist\js\i18n\defaults-sk_SK.js", "JavaScript", 23, 0, 0, 0, 0, 0, 0, 0, 0, 10, 5, 38
"c:\Users\ferna\Documents\Desarrollo\SIMR\public\lib\bootstrap-select\dist\js\i18n\defaults-sk_SK.min.js", "JavaScript", 1, 0, 0, 0, 0, 0, 0, 0, 0, 6, 0, 7
"c:\Users\ferna\Documents\Desarrollo\SIMR\public\lib\bootstrap-select\dist\js\i18n\defaults-sl_SI.js", "JavaScript", 30, 0, 0, 0, 0, 0, 0, 0, 0, 10, 5, 45
"c:\Users\ferna\Documents\Desarrollo\SIMR\public\lib\bootstrap-select\dist\js\i18n\defaults-sl_SI.min.js", "JavaScript", 1, 0, 0, 0, 0, 0, 0, 0, 0, 6, 0, 7
"c:\Users\ferna\Documents\Desarrollo\SIMR\public\lib\bootstrap-select\dist\js\i18n\defaults-sv_SE.js", "JavaScript", 30, 0, 0, 0, 0, 0, 0, 0, 0, 10, 5, 45
"c:\Users\ferna\Documents\Desarrollo\SIMR\public\lib\bootstrap-select\dist\js\i18n\defaults-sv_SE.min.js", "JavaScript", 1, 0, 0, 0, 0, 0, 0, 0, 0, 6, 0, 7
"c:\Users\ferna\Documents\Desarrollo\SIMR\public\lib\bootstrap-select\dist\js\i18n\defaults-tr_TR.js", "JavaScript", 30, 0, 0, 0, 0, 0, 0, 0, 0, 10, 5, 45
"c:\Users\ferna\Documents\Desarrollo\SIMR\public\lib\bootstrap-select\dist\js\i18n\defaults-tr_TR.min.js", "JavaScript", 1, 0, 0, 0, 0, 0, 0, 0, 0, 6, 0, 7
"c:\Users\ferna\Documents\Desarrollo\SIMR\public\lib\bootstrap-select\dist\js\i18n\defaults-ua_UA.js", "JavaScript", 21, 0, 0, 0, 0, 0, 0, 0, 0, 10, 5, 36
"c:\Users\ferna\Documents\Desarrollo\SIMR\public\lib\bootstrap-select\dist\js\i18n\defaults-ua_UA.min.js", "JavaScript", 1, 0, 0, 0, 0, 0, 0, 0, 0, 6, 0, 7
"c:\Users\ferna\Documents\Desarrollo\SIMR\public\lib\bootstrap-select\dist\js\i18n\defaults-zh_CN.js", "JavaScript", 21, 0, 0, 0, 0, 0, 0, 0, 0, 10, 5, 36
"c:\Users\ferna\Documents\Desarrollo\SIMR\public\lib\bootstrap-select\dist\js\i18n\defaults-zh_CN.min.js", "JavaScript", 1, 0, 0, 0, 0, 0, 0, 0, 0, 6, 0, 7
"c:\Users\ferna\Documents\Desarrollo\SIMR\public\lib\bootstrap-select\dist\js\i18n\defaults-zh_TW.js", "JavaScript", 23, 0, 0, 0, 0, 0, 0, 0, 0, 10, 5, 38
"c:\Users\ferna\Documents\Desarrollo\SIMR\public\lib\bootstrap-select\dist\js\i18n\defaults-zh_TW.min.js", "JavaScript", 1, 0, 0, 0, 0, 0, 0, 0, 0, 6, 0, 7
"c:\Users\ferna\Documents\Desarrollo\SIMR\public\lib\bootstrap-select\docs\custom_theme\base.html", "HTML", 0, 0, 0, 80, 0, 0, 0, 0, 0, 5, 11, 96
"c:\Users\ferna\Documents\Desarrollo\SIMR\public\lib\bootstrap-select\docs\custom_theme\css\base.css", "CSS", 0, 0, 0, 0, 91, 0, 0, 0, 0, 13, 13, 117
"c:\Users\ferna\Documents\Desarrollo\SIMR\public\lib\bootstrap-select\docs\custom_theme\js\base.js", "JavaScript", 16, 0, 0, 0, 0, 0, 0, 0, 0, 2, 3, 21
"c:\Users\ferna\Documents\Desarrollo\SIMR\public\lib\bootstrap-select\docs\custom_theme\nav.html", "HTML", 0, 0, 0, 51, 0, 0, 0, 0, 0, 5, 5, 61
"c:\Users\ferna\Documents\Desarrollo\SIMR\public\lib\bootstrap-select\docs\custom_theme\toc.html", "HTML", 0, 0, 0, 14, 0, 0, 0, 0, 0, 0, 0, 14
"c:\Users\ferna\Documents\Desarrollo\SIMR\public\lib\bootstrap-select\docs\docs\css\custom.css", "CSS", 0, 0, 0, 0, 256, 0, 0, 0, 0, 6, 42, 304
"c:\Users\ferna\Documents\Desarrollo\SIMR\public\lib\bootstrap-select\docs\docs\dist\css\bootstrap-select.css", "CSS", 0, 0, 0, 0, 273, 0, 0, 0, 0, 8, 1, 282
"c:\Users\ferna\Documents\Desarrollo\SIMR\public\lib\bootstrap-select\docs\docs\dist\css\bootstrap-select.min.css", "CSS", 0, 0, 0, 0, 1, 0, 0, 0, 0, 5, 0, 6
"c:\Users\ferna\Documents\Desarrollo\SIMR\public\lib\bootstrap-select\docs\docs\dist\js\bootstrap-select.js", "JavaScript", 1395, 0, 0, 0, 0, 0, 0, 0, 0, 114, 227, 1736
"c:\Users\ferna\Documents\Desarrollo\SIMR\public\lib\bootstrap-select\docs\docs\dist\js\bootstrap-select.min.js", "JavaScript", 1, 0, 0, 0, 0, 0, 0, 0, 0, 7, 0, 8
"c:\Users\ferna\Documents\Desarrollo\SIMR\public\lib\bootstrap-select\docs\docs\dist\js\i18n\defaults-ar_AR.js", "JavaScript", 30, 0, 0, 0, 0, 0, 0, 0, 0, 15, 5, 50
"c:\Users\ferna\Documents\Desarrollo\SIMR\public\lib\bootstrap-select\docs\docs\dist\js\i18n\defaults-ar_AR.min.js", "JavaScript", 2, 0, 0, 0, 0, 0, 0, 0, 0, 10, 0, 12
"c:\Users\ferna\Documents\Desarrollo\SIMR\public\lib\bootstrap-select\docs\docs\dist\js\i18n\defaults-bg_BG.js", "JavaScript", 30, 0, 0, 0, 0, 0, 0, 0, 0, 10, 5, 45
"c:\Users\ferna\Documents\Desarrollo\SIMR\public\lib\bootstrap-select\docs\docs\dist\js\i18n\defaults-bg_BG.min.js", "JavaScript", 1, 0, 0, 0, 0, 0, 0, 0, 0, 6, 0, 7
"c:\Users\ferna\Documents\Desarrollo\SIMR\public\lib\bootstrap-select\docs\docs\dist\js\i18n\defaults-cro_CRO.js", "JavaScript", 30, 0, 0, 0, 0, 0, 0, 0, 0, 10, 5, 45
"c:\Users\ferna\Documents\Desarrollo\SIMR\public\lib\bootstrap-select\docs\docs\dist\js\i18n\defaults-cro_CRO.min.js", "JavaScript", 1, 0, 0, 0, 0, 0, 0, 0, 0, 6, 0, 7
"c:\Users\ferna\Documents\Desarrollo\SIMR\public\lib\bootstrap-select\docs\docs\dist\js\i18n\defaults-cs_CZ.js", "JavaScript", 21, 0, 0, 0, 0, 0, 0, 0, 0, 10, 5, 36
"c:\Users\ferna\Documents\Desarrollo\SIMR\public\lib\bootstrap-select\docs\docs\dist\js\i18n\defaults-cs_CZ.min.js", "JavaScript", 1, 0, 0, 0, 0, 0, 0, 0, 0, 6, 0, 7
"c:\Users\ferna\Documents\Desarrollo\SIMR\public\lib\bootstrap-select\docs\docs\dist\js\i18n\defaults-da_DK.js", "JavaScript", 30, 0, 0, 0, 0, 0, 0, 0, 0, 10, 5, 45
"c:\Users\ferna\Documents\Desarrollo\SIMR\public\lib\bootstrap-select\docs\docs\dist\js\i18n\defaults-da_DK.min.js", "JavaScript", 1, 0, 0, 0, 0, 0, 0, 0, 0, 6, 0, 7
"c:\Users\ferna\Documents\Desarrollo\SIMR\public\lib\bootstrap-select\docs\docs\dist\js\i18n\defaults-de_DE.js", "JavaScript", 21, 0, 0, 0, 0, 0, 0, 0, 0, 10, 5, 36
"c:\Users\ferna\Documents\Desarrollo\SIMR\public\lib\bootstrap-select\docs\docs\dist\js\i18n\defaults-de_DE.min.js", "JavaScript", 1, 0, 0, 0, 0, 0, 0, 0, 0, 6, 0, 7
"c:\Users\ferna\Documents\Desarrollo\SIMR\public\lib\bootstrap-select\docs\docs\dist\js\i18n\defaults-en_US.js", "JavaScript", 30, 0, 0, 0, 0, 0, 0, 0, 0, 10, 5, 45
"c:\Users\ferna\Documents\Desarrollo\SIMR\public\lib\bootstrap-select\docs\docs\dist\js\i18n\defaults-en_US.min.js", "JavaScript", 1, 0, 0, 0, 0, 0, 0, 0, 0, 6, 0, 7
"c:\Users\ferna\Documents\Desarrollo\SIMR\public\lib\bootstrap-select\docs\docs\dist\js\i18n\defaults-es_CL.js", "JavaScript", 21, 0, 0, 0, 0, 0, 0, 0, 0, 10, 5, 36
"c:\Users\ferna\Documents\Desarrollo\SIMR\public\lib\bootstrap-select\docs\docs\dist\js\i18n\defaults-es_CL.min.js", "JavaScript", 1, 0, 0, 0, 0, 0, 0, 0, 0, 6, 0, 7
"c:\Users\ferna\Documents\Desarrollo\SIMR\public\lib\bootstrap-select\docs\docs\dist\js\i18n\defaults-eu.js", "JavaScript", 21, 0, 0, 0, 0, 0, 0, 0, 0, 10, 5, 36
"c:\Users\ferna\Documents\Desarrollo\SIMR\public\lib\bootstrap-select\docs\docs\dist\js\i18n\defaults-eu.min.js", "JavaScript", 1, 0, 0, 0, 0, 0, 0, 0, 0, 6, 0, 7
"c:\Users\ferna\Documents\Desarrollo\SIMR\public\lib\bootstrap-select\docs\docs\dist\js\i18n\defaults-fa_IR.js", "JavaScript", 23, 0, 0, 0, 0, 0, 0, 0, 0, 10, 5, 38
"c:\Users\ferna\Documents\Desarrollo\SIMR\public\lib\bootstrap-select\docs\docs\dist\js\i18n\defaults-fa_IR.min.js", "JavaScript", 1, 0, 0, 0, 0, 0, 0, 0, 0, 6, 0, 7
"c:\Users\ferna\Documents\Desarrollo\SIMR\public\lib\bootstrap-select\docs\docs\dist\js\i18n\defaults-fi_FI.js", "JavaScript", 30, 0, 0, 0, 0, 0, 0, 0, 0, 10, 5, 45
"c:\Users\ferna\Documents\Desarrollo\SIMR\public\lib\bootstrap-select\docs\docs\dist\js\i18n\defaults-fi_FI.min.js", "JavaScript", 1, 0, 0, 0, 0, 0, 0, 0, 0, 6, 0, 7
"c:\Users\ferna\Documents\Desarrollo\SIMR\public\lib\bootstrap-select\docs\docs\dist\js\i18n\defaults-fr_FR.js", "JavaScript", 30, 0, 0, 0, 0, 0, 0, 0, 0, 10, 5, 45
"c:\Users\ferna\Documents\Desarrollo\SIMR\public\lib\bootstrap-select\docs\docs\dist\js\i18n\defaults-fr_FR.min.js", "JavaScript", 1, 0, 0, 0, 0, 0, 0, 0, 0, 6, 0, 7
"c:\Users\ferna\Documents\Desarrollo\SIMR\public\lib\bootstrap-select\docs\docs\dist\js\i18n\defaults-hu_HU.js", "JavaScript", 30, 0, 0, 0, 0, 0, 0, 0, 0, 10, 5, 45
"c:\Users\ferna\Documents\Desarrollo\SIMR\public\lib\bootstrap-select\docs\docs\dist\js\i18n\defaults-hu_HU.min.js", "JavaScript", 1, 0, 0, 0, 0, 0, 0, 0, 0, 6, 0, 7
"c:\Users\ferna\Documents\Desarrollo\SIMR\public\lib\bootstrap-select\docs\docs\dist\js\i18n\defaults-id_ID.js", "JavaScript", 23, 0, 0, 0, 0, 0, 0, 0, 0, 10, 5, 38
"c:\Users\ferna\Documents\Desarrollo\SIMR\public\lib\bootstrap-select\docs\docs\dist\js\i18n\defaults-id_ID.min.js", "JavaScript", 1, 0, 0, 0, 0, 0, 0, 0, 0, 6, 0, 7
"c:\Users\ferna\Documents\Desarrollo\SIMR\public\lib\bootstrap-select\docs\docs\dist\js\i18n\defaults-it_IT.js", "JavaScript", 21, 0, 0, 0, 0, 0, 0, 0, 0, 10, 5, 36
"c:\Users\ferna\Documents\Desarrollo\SIMR\public\lib\bootstrap-select\docs\docs\dist\js\i18n\defaults-it_IT.min.js", "JavaScript", 1, 0, 0, 0, 0, 0, 0, 0, 0, 6, 0, 7
"c:\Users\ferna\Documents\Desarrollo\SIMR\public\lib\bootstrap-select\docs\docs\dist\js\i18n\defaults-ko_KR.js", "JavaScript", 30, 0, 0, 0, 0, 0, 0, 0, 0, 10, 5, 45
"c:\Users\ferna\Documents\Desarrollo\SIMR\public\lib\bootstrap-select\docs\docs\dist\js\i18n\defaults-ko_KR.min.js", "JavaScript", 1, 0, 0, 0, 0, 0, 0, 0, 0, 6, 0, 7
"c:\Users\ferna\Documents\Desarrollo\SIMR\public\lib\bootstrap-select\docs\docs\dist\js\i18n\defaults-lt_LT.js", "JavaScript", 30, 0, 0, 0, 0, 0, 0, 0, 0, 10, 5, 45
"c:\Users\ferna\Documents\Desarrollo\SIMR\public\lib\bootstrap-select\docs\docs\dist\js\i18n\defaults-lt_LT.min.js", "JavaScript", 1, 0, 0, 0, 0, 0, 0, 0, 0, 6, 0, 7
"c:\Users\ferna\Documents\Desarrollo\SIMR\public\lib\bootstrap-select\docs\docs\dist\js\i18n\defaults-nb_NO.js", "JavaScript", 42, 0, 0, 0, 0, 0, 0, 0, 0, 20, 9, 71
"c:\Users\ferna\Documents\Desarrollo\SIMR\public\lib\bootstrap-select\docs\docs\dist\js\i18n\defaults-nb_NO.min.js", "JavaScript", 2, 0, 0, 0, 0, 0, 0, 0, 0, 11, 0, 13
"c:\Users\ferna\Documents\Desarrollo\SIMR\public\lib\bootstrap-select\docs\docs\dist\js\i18n\defaults-nl_NL.js", "JavaScript", 21, 0, 0, 0, 0, 0, 0, 0, 0, 10, 5, 36
"c:\Users\ferna\Documents\Desarrollo\SIMR\public\lib\bootstrap-select\docs\docs\dist\js\i18n\defaults-nl_NL.min.js", "JavaScript", 1, 0, 0, 0, 0, 0, 0, 0, 0, 6, 0, 7
"c:\Users\ferna\Documents\Desarrollo\SIMR\public\lib\bootstrap-select\docs\docs\dist\js\i18n\defaults-pl_PL.js", "JavaScript", 23, 0, 0, 0, 0, 0, 0, 0, 0, 10, 5, 38
"c:\Users\ferna\Documents\Desarrollo\SIMR\public\lib\bootstrap-select\docs\docs\dist\js\i18n\defaults-pl_PL.min.js", "JavaScript", 1, 0, 0, 0, 0, 0, 0, 0, 0, 6, 0, 7
"c:\Users\ferna\Documents\Desarrollo\SIMR\public\lib\bootstrap-select\docs\docs\dist\js\i18n\defaults-pt_BR.js", "JavaScript", 21, 0, 0, 0, 0, 0, 0, 0, 0, 10, 5, 36
"c:\Users\ferna\Documents\Desarrollo\SIMR\public\lib\bootstrap-select\docs\docs\dist\js\i18n\defaults-pt_BR.min.js", "JavaScript", 1, 0, 0, 0, 0, 0, 0, 0, 0, 6, 0, 7
"c:\Users\ferna\Documents\Desarrollo\SIMR\public\lib\bootstrap-select\docs\docs\dist\js\i18n\defaults-pt_PT.js", "JavaScript", 21, 0, 0, 0, 0, 0, 0, 0, 0, 10, 5, 36
"c:\Users\ferna\Documents\Desarrollo\SIMR\public\lib\bootstrap-select\docs\docs\dist\js\i18n\defaults-pt_PT.min.js", "JavaScript", 1, 0, 0, 0, 0, 0, 0, 0, 0, 6, 0, 7
"c:\Users\ferna\Documents\Desarrollo\SIMR\public\lib\bootstrap-select\docs\docs\dist\js\i18n\defaults-ro_RO.js", "JavaScript", 21, 0, 0, 0, 0, 0, 0, 0, 0, 10, 5, 36
"c:\Users\ferna\Documents\Desarrollo\SIMR\public\lib\bootstrap-select\docs\docs\dist\js\i18n\defaults-ro_RO.min.js", "JavaScript", 1, 0, 0, 0, 0, 0, 0, 0, 0, 6, 0, 7
"c:\Users\ferna\Documents\Desarrollo\SIMR\public\lib\bootstrap-select\docs\docs\dist\js\i18n\defaults-ru_RU.js", "JavaScript", 22, 0, 0, 0, 0, 0, 0, 0, 0, 10, 5, 37
"c:\Users\ferna\Documents\Desarrollo\SIMR\public\lib\bootstrap-select\docs\docs\dist\js\i18n\defaults-ru_RU.min.js", "JavaScript", 1, 0, 0, 0, 0, 0, 0, 0, 0, 6, 0, 7
"c:\Users\ferna\Documents\Desarrollo\SIMR\public\lib\bootstrap-select\docs\docs\dist\js\i18n\defaults-sk_SK.js", "JavaScript", 23, 0, 0, 0, 0, 0, 0, 0, 0, 10, 5, 38
"c:\Users\ferna\Documents\Desarrollo\SIMR\public\lib\bootstrap-select\docs\docs\dist\js\i18n\defaults-sk_SK.min.js", "JavaScript", 1, 0, 0, 0, 0, 0, 0, 0, 0, 6, 0, 7
"c:\Users\ferna\Documents\Desarrollo\SIMR\public\lib\bootstrap-select\docs\docs\dist\js\i18n\defaults-sl_SI.js", "JavaScript", 30, 0, 0, 0, 0, 0, 0, 0, 0, 10, 5, 45
"c:\Users\ferna\Documents\Desarrollo\SIMR\public\lib\bootstrap-select\docs\docs\dist\js\i18n\defaults-sl_SI.min.js", "JavaScript", 1, 0, 0, 0, 0, 0, 0, 0, 0, 6, 0, 7
"c:\Users\ferna\Documents\Desarrollo\SIMR\public\lib\bootstrap-select\docs\docs\dist\js\i18n\defaults-sv_SE.js", "JavaScript", 30, 0, 0, 0, 0, 0, 0, 0, 0, 10, 5, 45
"c:\Users\ferna\Documents\Desarrollo\SIMR\public\lib\bootstrap-select\docs\docs\dist\js\i18n\defaults-sv_SE.min.js", "JavaScript", 1, 0, 0, 0, 0, 0, 0, 0, 0, 6, 0, 7
"c:\Users\ferna\Documents\Desarrollo\SIMR\public\lib\bootstrap-select\docs\docs\dist\js\i18n\defaults-tr_TR.js", "JavaScript", 30, 0, 0, 0, 0, 0, 0, 0, 0, 10, 5, 45
"c:\Users\ferna\Documents\Desarrollo\SIMR\public\lib\bootstrap-select\docs\docs\dist\js\i18n\defaults-tr_TR.min.js", "JavaScript", 1, 0, 0, 0, 0, 0, 0, 0, 0, 6, 0, 7
"c:\Users\ferna\Documents\Desarrollo\SIMR\public\lib\bootstrap-select\docs\docs\dist\js\i18n\defaults-ua_UA.js", "JavaScript", 21, 0, 0, 0, 0, 0, 0, 0, 0, 10, 5, 36
"c:\Users\ferna\Documents\Desarrollo\SIMR\public\lib\bootstrap-select\docs\docs\dist\js\i18n\defaults-ua_UA.min.js", "JavaScript", 1, 0, 0, 0, 0, 0, 0, 0, 0, 6, 0, 7
"c:\Users\ferna\Documents\Desarrollo\SIMR\public\lib\bootstrap-select\docs\docs\dist\js\i18n\defaults-zh_CN.js", "JavaScript", 21, 0, 0, 0, 0, 0, 0, 0, 0, 10, 5, 36
"c:\Users\ferna\Documents\Desarrollo\SIMR\public\lib\bootstrap-select\docs\docs\dist\js\i18n\defaults-zh_CN.min.js", "JavaScript", 1, 0, 0, 0, 0, 0, 0, 0, 0, 6, 0, 7
"c:\Users\ferna\Documents\Desarrollo\SIMR\public\lib\bootstrap-select\docs\docs\dist\js\i18n\defaults-zh_TW.js", "JavaScript", 23, 0, 0, 0, 0, 0, 0, 0, 0, 10, 5, 38
"c:\Users\ferna\Documents\Desarrollo\SIMR\public\lib\bootstrap-select\docs\docs\dist\js\i18n\defaults-zh_TW.min.js", "JavaScript", 1, 0, 0, 0, 0, 0, 0, 0, 0, 6, 0, 7
"c:\Users\ferna\Documents\Desarrollo\SIMR\public\lib\bootstrap-select\docs\docs\examples.md", "Markdown", 0, 775, 0, 0, 0, 0, 0, 0, 0, 0, 128, 903
"c:\Users\ferna\Documents\Desarrollo\SIMR\public\lib\bootstrap-select\docs\docs\index.md", "Markdown", 0, 57, 0, 0, 0, 0, 0, 0, 0, 3, 30, 90
"c:\Users\ferna\Documents\Desarrollo\SIMR\public\lib\bootstrap-select\docs\docs\methods.md", "Markdown", 0, 166, 0, 0, 0, 0, 0, 0, 0, 0, 66, 232
"c:\Users\ferna\Documents\Desarrollo\SIMR\public\lib\bootstrap-select\docs\docs\options.md", "Markdown", 0, 259, 0, 0, 0, 0, 0, 0, 0, 0, 10, 269
"c:\Users\ferna\Documents\Desarrollo\SIMR\public\lib\bootstrap-select\docs\mkdocs.yml", "YAML", 0, 0, 0, 0, 0, 0, 0, 17, 0, 0, 1, 18
"c:\Users\ferna\Documents\Desarrollo\SIMR\public\lib\bootstrap-select\js\bootstrap-select.js", "JavaScript", 1383, 0, 0, 0, 0, 0, 0, 0, 0, 104, 223, 1710
"c:\Users\ferna\Documents\Desarrollo\SIMR\public\lib\bootstrap-select\js\i18n\defaults-ar_AR.js", "JavaScript", 18, 0, 0, 0, 0, 0, 0, 0, 0, 5, 1, 24
"c:\Users\ferna\Documents\Desarrollo\SIMR\public\lib\bootstrap-select\js\i18n\defaults-bg_BG.js", "JavaScript", 18, 0, 0, 0, 0, 0, 0, 0, 0, 5, 1, 24
"c:\Users\ferna\Documents\Desarrollo\SIMR\public\lib\bootstrap-select\js\i18n\defaults-cro_CRO.js", "JavaScript", 18, 0, 0, 0, 0, 0, 0, 0, 0, 5, 1, 24
"c:\Users\ferna\Documents\Desarrollo\SIMR\public\lib\bootstrap-select\js\i18n\defaults-cs_CZ.js", "JavaScript", 9, 0, 0, 0, 0, 0, 0, 0, 0, 5, 1, 15
"c:\Users\ferna\Documents\Desarrollo\SIMR\public\lib\bootstrap-select\js\i18n\defaults-da_DK.js", "JavaScript", 18, 0, 0, 0, 0, 0, 0, 0, 0, 5, 1, 24
"c:\Users\ferna\Documents\Desarrollo\SIMR\public\lib\bootstrap-select\js\i18n\defaults-de_DE.js", "JavaScript", 9, 0, 0, 0, 0, 0, 0, 0, 0, 5, 1, 15
"c:\Users\ferna\Documents\Desarrollo\SIMR\public\lib\bootstrap-select\js\i18n\defaults-en_US.js", "JavaScript", 18, 0, 0, 0, 0, 0, 0, 0, 0, 5, 1, 24
"c:\Users\ferna\Documents\Desarrollo\SIMR\public\lib\bootstrap-select\js\i18n\defaults-es_CL.js", "JavaScript", 9, 0, 0, 0, 0, 0, 0, 0, 0, 5, 1, 15
"c:\Users\ferna\Documents\Desarrollo\SIMR\public\lib\bootstrap-select\js\i18n\defaults-eu.js", "JavaScript", 9, 0, 0, 0, 0, 0, 0, 0, 0, 5, 1, 15
"c:\Users\ferna\Documents\Desarrollo\SIMR\public\lib\bootstrap-select\js\i18n\defaults-fa_IR.js", "JavaScript", 11, 0, 0, 0, 0, 0, 0, 0, 0, 5, 1, 17
"c:\Users\ferna\Documents\Desarrollo\SIMR\public\lib\bootstrap-select\js\i18n\defaults-fi_FI.js", "JavaScript", 18, 0, 0, 0, 0, 0, 0, 0, 0, 5, 1, 24
"c:\Users\ferna\Documents\Desarrollo\SIMR\public\lib\bootstrap-select\js\i18n\defaults-fr_FR.js", "JavaScript", 18, 0, 0, 0, 0, 0, 0, 0, 0, 5, 1, 24
"c:\Users\ferna\Documents\Desarrollo\SIMR\public\lib\bootstrap-select\js\i18n\defaults-hu_HU.js", "JavaScript", 18, 0, 0, 0, 0, 0, 0, 0, 0, 5, 1, 24
"c:\Users\ferna\Documents\Desarrollo\SIMR\public\lib\bootstrap-select\js\i18n\defaults-id_ID.js", "JavaScript", 11, 0, 0, 0, 0, 0, 0, 0, 0, 5, 1, 17
"c:\Users\ferna\Documents\Desarrollo\SIMR\public\lib\bootstrap-select\js\i18n\defaults-it_IT.js", "JavaScript", 9, 0, 0, 0, 0, 0, 0, 0, 0, 6, 1, 16
"c:\Users\ferna\Documents\Desarrollo\SIMR\public\lib\bootstrap-select\js\i18n\defaults-ko_KR.js", "JavaScript", 18, 0, 0, 0, 0, 0, 0, 0, 0, 5, 1, 24
"c:\Users\ferna\Documents\Desarrollo\SIMR\public\lib\bootstrap-select\js\i18n\defaults-lt_LT.js", "JavaScript", 18, 0, 0, 0, 0, 0, 0, 0, 0, 5, 1, 24
"c:\Users\ferna\Documents\Desarrollo\SIMR\public\lib\bootstrap-select\js\i18n\defaults-nb_NO.js", "JavaScript", 30, 0, 0, 0, 0, 0, 0, 0, 0, 10, 5, 45
"c:\Users\ferna\Documents\Desarrollo\SIMR\public\lib\bootstrap-select\js\i18n\defaults-nl_NL.js", "JavaScript", 9, 0, 0, 0, 0, 0, 0, 0, 0, 6, 1, 16
"c:\Users\ferna\Documents\Desarrollo\SIMR\public\lib\bootstrap-select\js\i18n\defaults-pl_PL.js", "JavaScript", 11, 0, 0, 0, 0, 0, 0, 0, 0, 5, 1, 17
"c:\Users\ferna\Documents\Desarrollo\SIMR\public\lib\bootstrap-select\js\i18n\defaults-pt_BR.js", "JavaScript", 9, 0, 0, 0, 0, 0, 0, 0, 0, 6, 1, 16
"c:\Users\ferna\Documents\Desarrollo\SIMR\public\lib\bootstrap-select\js\i18n\defaults-pt_PT.js", "JavaScript", 9, 0, 0, 0, 0, 0, 0, 0, 0, 6, 1, 16
"c:\Users\ferna\Documents\Desarrollo\SIMR\public\lib\bootstrap-select\js\i18n\defaults-ro_RO.js", "JavaScript", 9, 0, 0, 0, 0, 0, 0, 0, 0, 6, 1, 16
"c:\Users\ferna\Documents\Desarrollo\SIMR\public\lib\bootstrap-select\js\i18n\defaults-ru_RU.js", "JavaScript", 10, 0, 0, 0, 0, 0, 0, 0, 0, 5, 1, 16
"c:\Users\ferna\Documents\Desarrollo\SIMR\public\lib\bootstrap-select\js\i18n\defaults-sk_SK.js", "JavaScript", 11, 0, 0, 0, 0, 0, 0, 0, 0, 5, 1, 17
"c:\Users\ferna\Documents\Desarrollo\SIMR\public\lib\bootstrap-select\js\i18n\defaults-sl_SI.js", "JavaScript", 18, 0, 0, 0, 0, 0, 0, 0, 0, 5, 1, 24
"c:\Users\ferna\Documents\Desarrollo\SIMR\public\lib\bootstrap-select\js\i18n\defaults-sv_SE.js", "JavaScript", 18, 0, 0, 0, 0, 0, 0, 0, 0, 5, 1, 24
"c:\Users\ferna\Documents\Desarrollo\SIMR\public\lib\bootstrap-select\js\i18n\defaults-tr_TR.js", "JavaScript", 18, 0, 0, 0, 0, 0, 0, 0, 0, 6, 1, 25
"c:\Users\ferna\Documents\Desarrollo\SIMR\public\lib\bootstrap-select\js\i18n\defaults-ua_UA.js", "JavaScript", 9, 0, 0, 0, 0, 0, 0, 0, 0, 5, 1, 15
"c:\Users\ferna\Documents\Desarrollo\SIMR\public\lib\bootstrap-select\js\i18n\defaults-zh_CN.js", "JavaScript", 9, 0, 0, 0, 0, 0, 0, 0, 0, 5, 1, 15
"c:\Users\ferna\Documents\Desarrollo\SIMR\public\lib\bootstrap-select\js\i18n\defaults-zh_TW.js", "JavaScript", 11, 0, 0, 0, 0, 0, 0, 0, 0, 5, 1, 17
"c:\Users\ferna\Documents\Desarrollo\SIMR\public\lib\bootstrap-select\less\bootstrap-select.less", "Less", 0, 0, 0, 0, 0, 288, 0, 0, 0, 10, 57, 355
"c:\Users\ferna\Documents\Desarrollo\SIMR\public\lib\bootstrap-select\less\variables.less", "Less", 0, 0, 0, 0, 0, 4, 0, 0, 0, 0, 3, 7
"c:\Users\ferna\Documents\Desarrollo\SIMR\public\lib\bootstrap-select\sass\bootstrap-select.scss", "SCSS", 0, 0, 0, 0, 0, 0, 303, 0, 0, 16, 61, 380
"c:\Users\ferna\Documents\Desarrollo\SIMR\public\lib\bootstrap-select\sass\variables.scss", "SCSS", 0, 0, 0, 0, 0, 0, 4, 0, 0, 0, 3, 7
"c:\Users\ferna\Documents\Desarrollo\SIMR\public\lib\jquery\.bower.json", "JSON", 0, 0, 38, 0, 0, 0, 0, 0, 0, 0, 0, 38
"c:\Users\ferna\Documents\Desarrollo\SIMR\public\lib\jquery\bower.json", "JSON", 0, 0, 28, 0, 0, 0, 0, 0, 0, 0, 1, 29
"c:\Users\ferna\Documents\Desarrollo\SIMR\public\lib\jquery\dist\jquery.js", "JavaScript", 6171, 0, 0, 0, 0, 0, 0, 0, 0, 1491, 1549, 9211
"c:\Users\ferna\Documents\Desarrollo\SIMR\public\lib\jquery\dist\jquery.min.js", "JavaScript", 3, 0, 0, 0, 0, 0, 0, 0, 0, 2, 0, 5
"c:\Users\ferna\Documents\Desarrollo\SIMR\public\lib\jquery\src\ajax.js", "JavaScript", 488, 0, 0, 0, 0, 0, 0, 0, 0, 171, 128, 787
"c:\Users\ferna\Documents\Desarrollo\SIMR\public\lib\jquery\src\ajax\jsonp.js", "JavaScript", 57, 0, 0, 0, 0, 0, 0, 0, 0, 15, 18, 90
"c:\Users\ferna\Documents\Desarrollo\SIMR\public\lib\jquery\src\ajax\load.js", "JavaScript", 45, 0, 0, 0, 0, 0, 0, 0, 0, 14, 17, 76
"c:\Users\ferna\Documents\Desarrollo\SIMR\public\lib\jquery\src\ajax\parseJSON.js", "JavaScript", 8, 0, 0, 0, 0, 0, 0, 0, 0, 2, 4, 14
"c:\Users\ferna\Documents\Desarrollo\SIMR\public\lib\jquery\src\ajax\parseXML.js", "JavaScript", 21, 0, 0, 0, 0, 0, 0, 0, 0, 2, 6, 29
"c:\Users\ferna\Documents\Desarrollo\SIMR\public\lib\jquery\src\ajax\script.js", "JavaScript", 56, 0, 0, 0, 0, 0, 0, 0, 0, 4, 5, 65
"c:\Users\ferna\Documents\Desarrollo\SIMR\public\lib\jquery\src\ajax\var\nonce.js", "JavaScript", 5, 0, 0, 0, 0, 0, 0, 0, 0, 0, 1, 6
"c:\Users\ferna\Documents\Desarrollo\SIMR\public\lib\jquery\src\ajax\var\rquery.js", "JavaScript", 3, 0, 0, 0, 0, 0, 0, 0, 0, 0, 1, 4
"c:\Users\ferna\Documents\Desarrollo\SIMR\public\lib\jquery\src\ajax\xhr.js", "JavaScript", 94, 0, 0, 0, 0, 0, 0, 0, 0, 24, 19, 137
"c:\Users\ferna\Documents\Desarrollo\SIMR\public\lib\jquery\src\attributes.js", "JavaScript", 9, 0, 0, 0, 0, 0, 0, 0, 0, 1, 2, 12
"c:\Users\ferna\Documents\Desarrollo\SIMR\public\lib\jquery\src\attributes\attr.js", "JavaScript", 109, 0, 0, 0, 0, 0, 0, 0, 0, 10, 23, 142
"c:\Users\ferna\Documents\Desarrollo\SIMR\public\lib\jquery\src\attributes\classes.js", "JavaScript", 121, 0, 0, 0, 0, 0, 0, 0, 0, 13, 25, 159
"c:\Users\ferna\Documents\Desarrollo\SIMR\public\lib\jquery\src\attributes\prop.js", "JavaScript", 78, 0, 0, 0, 0, 0, 0, 0, 0, 2, 15, 95
"c:\Users\ferna\Documents\Desarrollo\SIMR\public\lib\jquery\src\attributes\support.js", "JavaScript", 19, 0, 0, 0, 0, 0, 0, 0, 0, 8, 9, 36
"c:\Users\ferna\Documents\Desarrollo\SIMR\public\lib\jquery\src\attributes\val.js", "JavaScript", 119, 0, 0, 0, 0, 0, 0, 0, 0, 14, 29, 162
"c:\Users\ferna\Documents\Desarrollo\SIMR\public\lib\jquery\src\callbacks.js", "JavaScript", 144, 0, 0, 0, 0, 0, 0, 0, 0, 54, 8, 206
"c:\Users\ferna\Documents\Desarrollo\SIMR\public\lib\jquery\src\core.js", "JavaScript", 322, 0, 0, 0, 0, 0, 0, 0, 0, 82, 99, 503
"c:\Users\ferna\Documents\Desarrollo\SIMR\public\lib\jquery\src\core\access.js", "JavaScript", 42, 0, 0, 0, 0, 0, 0, 0, 0, 7, 12, 61
"c:\Users\ferna\Documents\Desarrollo\SIMR\public\lib\jquery\src\core\init.js", "JavaScript", 70, 0, 0, 0, 0, 0, 0, 0, 0, 28, 26, 124
"c:\Users\ferna\Documents\Desarrollo\SIMR\public\lib\jquery\src\core\parseHTML.js", "JavaScript", 27, 0, 0, 0, 0, 0, 0, 0, 0, 4, 9, 40
"c:\Users\ferna\Documents\Desarrollo\SIMR\public\lib\jquery\src\core\ready.js", "JavaScript", 54, 0, 0, 0, 0, 0, 0, 0, 0, 22, 22, 98
"c:\Users\ferna\Documents\Desarrollo\SIMR\public\lib\jquery\src\core\var\rsingleTag.js", "JavaScript", 3, 0, 0, 0, 0, 0, 0, 0, 0, 1, 1, 5
"c:\Users\ferna\Documents\Desarrollo\SIMR\public\lib\jquery\src\css.js", "JavaScript", 317, 0, 0, 0, 0, 0, 0, 0, 0, 61, 73, 451
"c:\Users\ferna\Documents\Desarrollo\SIMR\public\lib\jquery\src\css\addGetHookIf.js", "JavaScript", 14, 0, 0, 0, 0, 0, 0, 0, 0, 4, 5, 23
"c:\Users\ferna\Documents\Desarrollo\SIMR\public\lib\jquery\src\css\curCSS.js", "JavaScript", 35, 0, 0, 0, 0, 0, 0, 0, 0, 11, 12, 58
"c:\Users\ferna\Documents\Desarrollo\SIMR\public\lib\jquery\src\css\defaultDisplay.js", "JavaScript", 33, 0, 0, 0, 0, 0, 0, 0, 0, 20, 18, 71
"c:\Users\ferna\Documents\Desarrollo\SIMR\public\lib\jquery\src\css\hiddenVisibleSelectors.js", "JavaScript", 11, 0, 0, 0, 0, 0, 0, 0, 0, 2, 3, 16
"c:\Users\ferna\Documents\Desarrollo\SIMR\public\lib\jquery\src\css\support.js", "JavaScript", 61, 0, 0, 0, 0, 0, 0, 0, 0, 19, 17, 97
"c:\Users\ferna\Documents\Desarrollo\SIMR\public\lib\jquery\src\css\swap.js", "JavaScript", 18, 0, 0, 0, 0, 0, 0, 0, 0, 3, 8, 29
"c:\Users\ferna\Documents\Desarrollo\SIMR\public\lib\jquery\src\css\var\cssExpand.js", "JavaScript", 3, 0, 0, 0, 0, 0, 0, 0, 0, 0, 1, 4
"c:\Users\ferna\Documents\Desarrollo\SIMR\public\lib\jquery\src\css\var\getStyles.js", "JavaScript", 8, 0, 0, 0, 0, 0, 0, 0, 0, 3, 2, 13
"c:\Users\ferna\Documents\Desarrollo\SIMR\public\lib\jquery\src\css\var\isHidden.js", "JavaScript", 9, 0, 0, 0, 0, 0, 0, 0, 0, 3, 2, 14
"c:\Users\ferna\Documents\Desarrollo\SIMR\public\lib\jquery\src\css\var\rmargin.js", "JavaScript", 3, 0, 0, 0, 0, 0, 0, 0, 0, 0, 1, 4
"c:\Users\ferna\Documents\Desarrollo\SIMR\public\lib\jquery\src\css\var\rnumnonpx.js", "JavaScript", 5, 0, 0, 0, 0, 0, 0, 0, 0, 0, 1, 6
"c:\Users\ferna\Documents\Desarrollo\SIMR\public\lib\jquery\src\data.js", "JavaScript", 111, 0, 0, 0, 0, 0, 0, 0, 0, 40, 28, 179
"c:\Users\ferna\Documents\Desarrollo\SIMR\public\lib\jquery\src\data\Data.js", "JavaScript", 108, 0, 0, 0, 0, 0, 0, 0, 0, 52, 22, 182
"c:\Users\ferna\Documents\Desarrollo\SIMR\public\lib\jquery\src\data\accepts.js", "JavaScript", 8, 0, 0, 0, 0, 0, 0, 0, 0, 10, 3, 21
"c:\Users\ferna\Documents\Desarrollo\SIMR\public\lib\jquery\src\data\var\data_priv.js", "JavaScript", 5, 0, 0, 0, 0, 0, 0, 0, 0, 0, 1, 6
"c:\Users\ferna\Documents\Desarrollo\SIMR\public\lib\jquery\src\data\var\data_user.js", "JavaScript", 5, 0, 0, 0, 0, 0, 0, 0, 0, 0, 1, 6
"c:\Users\ferna\Documents\Desarrollo\SIMR\public\lib\jquery\src\deferred.js", "JavaScript", 109, 0, 0, 0, 0, 0, 0, 0, 0, 20, 21, 150
"c:\Users\ferna\Documents\Desarrollo\SIMR\public\lib\jquery\src\deprecated.js", "JavaScript", 9, 0, 0, 0, 0, 0, 0, 0, 0, 1, 4, 14
"c:\Users\ferna\Documents\Desarrollo\SIMR\public\lib\jquery\src\dimensions.js", "JavaScript", 32, 0, 0, 0, 0, 0, 0, 0, 0, 10, 9, 51
"c:\Users\ferna\Documents\Desarrollo\SIMR\public\lib\jquery\src\effects.js", "JavaScript", 499, 0, 0, 0, 0, 0, 0, 0, 0, 59, 91, 649
"c:\Users\ferna\Documents\Desarrollo\SIMR\public\lib\jquery\src\effects\Tween.js", "JavaScript", 88, 0, 0, 0, 0, 0, 0, 0, 0, 11, 16, 115
"c:\Users\ferna\Documents\Desarrollo\SIMR\public\lib\jquery\src\effects\animatedSelector.js", "JavaScript", 11, 0, 0, 0, 0, 0, 0, 0, 0, 0, 3, 14
"c:\Users\ferna\Documents\Desarrollo\SIMR\public\lib\jquery\src\event.js", "JavaScript", 618, 0, 0, 0, 0, 0, 0, 0, 0, 108, 143, 869
"c:\Users\ferna\Documents\Desarrollo\SIMR\public\lib\jquery\src\event\ajax.js", "JavaScript", 10, 0, 0, 0, 0, 0, 0, 0, 0, 1, 3, 14
"c:\Users\ferna\Documents\Desarrollo\SIMR\public\lib\jquery\src\event\alias.js", "JavaScript", 31, 0, 0, 0, 0, 0, 0, 0, 0, 2, 7, 40
"c:\Users\ferna\Documents\Desarrollo\SIMR\public\lib\jquery\src\event\support.js", "JavaScript", 6, 0, 0, 0, 0, 0, 0, 0, 0, 0, 4, 10
"c:\Users\ferna\Documents\Desarrollo\SIMR\public\lib\jquery\src\exports\amd.js", "JavaScript", 9, 0, 0, 0, 0, 0, 0, 0, 0, 11, 5, 25
"c:\Users\ferna\Documents\Desarrollo\SIMR\public\lib\jquery\src\exports\global.js", "JavaScript", 20, 0, 0, 0, 0, 0, 0, 0, 0, 5, 8, 33
"c:\Users\ferna\Documents\Desarrollo\SIMR\public\lib\jquery\src\intro.js", "JavaScript", 14, 0, 0, 0, 0, 0, 0, 0, 0, 26, 5, 45
"c:\Users\ferna\Documents\Desarrollo\SIMR\public\lib\jquery\src\jquery.js", "JavaScript", 35, 0, 0, 0, 0, 0, 0, 0, 0, 0, 3, 38
"c:\Users\ferna\Documents\Desarrollo\SIMR\public\lib\jquery\src\manipulation.js", "JavaScript", 413, 0, 0, 0, 0, 0, 0, 0, 0, 57, 111, 581
"c:\Users\ferna\Documents\Desarrollo\SIMR\public\lib\jquery\src\manipulation\_evalUrl.js", "JavaScript", 15, 0, 0, 0, 0, 0, 0, 0, 0, 0, 4, 19
"c:\Users\ferna\Documents\Desarrollo\SIMR\public\lib\jquery\src\manipulation\support.js", "JavaScript", 17, 0, 0, 0, 0, 0, 0, 0, 0, 8, 8, 33
"c:\Users\ferna\Documents\Desarrollo\SIMR\public\lib\jquery\src\manipulation\var\rcheckableType.js", "JavaScript", 3, 0, 0, 0, 0, 0, 0, 0, 0, 0, 1, 4
"c:\Users\ferna\Documents\Desarrollo\SIMR\public\lib\jquery\src\offset.js", "JavaScript", 149, 0, 0, 0, 0, 0, 0, 0, 0, 23, 36, 208
"c:\Users\ferna\Documents\Desarrollo\SIMR\public\lib\jquery\src\outro.js", "JavaScript", 1, 0, 0, 0, 0, 0, 0, 0, 0, 0, 1, 2
"c:\Users\ferna\Documents\Desarrollo\SIMR\public\lib\jquery\src\queue.js", "JavaScript", 113, 0, 0, 0, 0, 0, 0, 0, 0, 9, 21, 143
"c:\Users\ferna\Documents\Desarrollo\SIMR\public\lib\jquery\src\queue\delay.js", "JavaScript", 17, 0, 0, 0, 0, 0, 0, 0, 0, 2, 4, 23
"c:\Users\ferna\Documents\Desarrollo\SIMR\public\lib\jquery\src\selector-native.js", "JavaScript", 116, 0, 0, 0, 0, 0, 0, 0, 0, 35, 22, 173
"c:\Users\ferna\Documents\Desarrollo\SIMR\public\lib\jquery\src\selector-sizzle.js", "JavaScript", 12, 0, 0, 0, 0, 0, 0, 0, 0, 0, 3, 15
"c:\Users\ferna\Documents\Desarrollo\SIMR\public\lib\jquery\src\selector.js", "JavaScript", 1, 0, 0, 0, 0, 0, 0, 0, 0, 0, 1, 2
"c:\Users\ferna\Documents\Desarrollo\SIMR\public\lib\jquery\src\serialize.js", "JavaScript", 80, 0, 0, 0, 0, 0, 0, 0, 0, 16, 16, 112
"c:\Users\ferna\Documents\Desarrollo\SIMR\public\lib\jquery\src\sizzle\dist\sizzle.js", "JavaScript", 1364, 0, 0, 0, 0, 0, 0, 0, 0, 406, 298, 2068
"c:\Users\ferna\Documents\Desarrollo\SIMR\public\lib\jquery\src\sizzle\dist\sizzle.min.js", "JavaScript", 1, 0, 0, 0, 0, 0, 0, 0, 0, 2, 0, 3
"c:\Users\ferna\Documents\Desarrollo\SIMR\public\lib\jquery\src\traversing.js", "JavaScript", 161, 0, 0, 0, 0, 0, 0, 0, 0, 10, 29, 200
"c:\Users\ferna\Documents\Desarrollo\SIMR\public\lib\jquery\src\traversing\findFilter.js", "JavaScript", 78, 0, 0, 0, 0, 0, 0, 0, 0, 5, 18, 101
"c:\Users\ferna\Documents\Desarrollo\SIMR\public\lib\jquery\src\traversing\var\rneedsContext.js", "JavaScript", 6, 0, 0, 0, 0, 0, 0, 0, 0, 0, 1, 7
"c:\Users\ferna\Documents\Desarrollo\SIMR\public\lib\jquery\src\var\arr.js", "JavaScript", 3, 0, 0, 0, 0, 0, 0, 0, 0, 0, 1, 4
"c:\Users\ferna\Documents\Desarrollo\SIMR\public\lib\jquery\src\var\class2type.js", "JavaScript", 3, 0, 0, 0, 0, 0, 0, 0, 0, 1, 1, 5
"c:\Users\ferna\Documents\Desarrollo\SIMR\public\lib\jquery\src\var\concat.js", "JavaScript", 5, 0, 0, 0, 0, 0, 0, 0, 0, 0, 1, 6
"c:\Users\ferna\Documents\Desarrollo\SIMR\public\lib\jquery\src\var\hasOwn.js", "JavaScript", 5, 0, 0, 0, 0, 0, 0, 0, 0, 0, 1, 6
"c:\Users\ferna\Documents\Desarrollo\SIMR\public\lib\jquery\src\var\indexOf.js", "JavaScript", 5, 0, 0, 0, 0, 0, 0, 0, 0, 0, 1, 6
"c:\Users\ferna\Documents\Desarrollo\SIMR\public\lib\jquery\src\var\pnum.js", "JavaScript", 3, 0, 0, 0, 0, 0, 0, 0, 0, 0, 1, 4
"c:\Users\ferna\Documents\Desarrollo\SIMR\public\lib\jquery\src\var\push.js", "JavaScript", 5, 0, 0, 0, 0, 0, 0, 0, 0, 0, 1, 6
"c:\Users\ferna\Documents\Desarrollo\SIMR\public\lib\jquery\src\var\rnotwhite.js", "JavaScript", 3, 0, 0, 0, 0, 0, 0, 0, 0, 0, 1, 4
"c:\Users\ferna\Documents\Desarrollo\SIMR\public\lib\jquery\src\var\slice.js", "JavaScript", 5, 0, 0, 0, 0, 0, 0, 0, 0, 0, 1, 6
"c:\Users\ferna\Documents\Desarrollo\SIMR\public\lib\jquery\src\var\strundefined.js", "JavaScript", 3, 0, 0, 0, 0, 0, 0, 0, 0, 0, 1, 4
"c:\Users\ferna\Documents\Desarrollo\SIMR\public\lib\jquery\src\var\support.js", "JavaScript", 3, 0, 0, 0, 0, 0, 0, 0, 0, 1, 1, 5
"c:\Users\ferna\Documents\Desarrollo\SIMR\public\lib\jquery\src\var\toString.js", "JavaScript", 5, 0, 0, 0, 0, 0, 0, 0, 0, 0, 1, 6
"c:\Users\ferna\Documents\Desarrollo\SIMR\public\lib\jquery\src\wrap.js", "JavaScript", 61, 0, 0, 0, 0, 0, 0, 0, 0, 1, 18, 80
"c:\Users\ferna\Documents\Desarrollo\SIMR\public\lib\ng-dialog\.bower.json", "JSON", 0, 0, 50, 0, 0, 0, 0, 0, 0, 0, 0, 50
"c:\Users\ferna\Documents\Desarrollo\SIMR\public\lib\ng-dialog\CHANGELOG.md", "Markdown", 0, 75, 0, 0, 0, 0, 0, 0, 0, 0, 32, 107
"c:\Users\ferna\Documents\Desarrollo\SIMR\public\lib\ng-dialog\CONTRIBUTING.md", "Markdown", 0, 25, 0, 0, 0, 0, 0, 0, 0, 0, 13, 38
"c:\Users\ferna\Documents\Desarrollo\SIMR\public\lib\ng-dialog\README.md", "Markdown", 0, 447, 0, 0, 0, 0, 0, 0, 0, 1, 241, 689
"c:\Users\ferna\Documents\Desarrollo\SIMR\public\lib\ng-dialog\bower.json", "JSON", 0, 0, 40, 0, 0, 0, 0, 0, 0, 0, 1, 41
"c:\Users\ferna\Documents\Desarrollo\SIMR\public\lib\ng-dialog\css\ngDialog-custom-width.css", "CSS", 0, 0, 0, 0, 3, 0, 0, 0, 0, 0, 1, 4
"c:\Users\ferna\Documents\Desarrollo\SIMR\public\lib\ng-dialog\css\ngDialog-theme-default.css", "CSS", 0, 0, 0, 0, 167, 0, 0, 0, 0, 0, 24, 191
"c:\Users\ferna\Documents\Desarrollo\SIMR\public\lib\ng-dialog\css\ngDialog-theme-default.min.css", "CSS", 0, 0, 0, 0, 1, 0, 0, 0, 0, 0, 0, 1
"c:\Users\ferna\Documents\Desarrollo\SIMR\public\lib\ng-dialog\css\ngDialog-theme-plain.css", "CSS", 0, 0, 0, 0, 116, 0, 0, 0, 0, 0, 15, 131
"c:\Users\ferna\Documents\Desarrollo\SIMR\public\lib\ng-dialog\css\ngDialog-theme-plain.min.css", "CSS", 0, 0, 0, 0, 1, 0, 0, 0, 0, 0, 0, 1
"c:\Users\ferna\Documents\Desarrollo\SIMR\public\lib\ng-dialog\css\ngDialog.css", "CSS", 0, 0, 0, 0, 96, 0, 0, 0, 0, 0, 18, 114
"c:\Users\ferna\Documents\Desarrollo\SIMR\public\lib\ng-dialog\css\ngDialog.min.css", "CSS", 0, 0, 0, 0, 1, 0, 0, 0, 0, 0, 0, 1
"c:\Users\ferna\Documents\Desarrollo\SIMR\public\lib\ng-dialog\js\ngDialog.js", "JavaScript", 676, 0, 0, 0, 0, 0, 0, 0, 0, 58, 156, 890
"c:\Users\ferna\Documents\Desarrollo\SIMR\public\lib\ng-dialog\js\ngDialog.min.js", "JavaScript", 1, 0, 0, 0, 0, 0, 0, 0, 0, 1, 0, 2
"c:\Users\ferna\Documents\Desarrollo\SIMR\public\lib\ng-dialog\karma.conf.js", "JavaScript", 44, 0, 0, 0, 0, 0, 0, 0, 0, 0, 3, 47
"c:\Users\ferna\Documents\Desarrollo\SIMR\public\lib\ng-dialog\package.json", "JSON", 0, 0, 65, 0, 0, 0, 0, 0, 0, 0, 1, 66
"c:\Users\ferna\Documents\Desarrollo\SIMR\public\lib\ng-dialog\protractor.conf.js", "JavaScript", 36, 0, 0, 0, 0, 0, 0, 0, 0, 28, 12, 76
"c:\Users\ferna\Documents\Desarrollo\SIMR\public\lib\ng-dialog\server.js", "JavaScript", 7, 0, 0, 0, 0, 0, 0, 0, 0, 0, 3, 10
"c:\Users\ferna\Documents\Desarrollo\SIMR\public\listas.js", "JavaScript", 162, 0, 0, 0, 0, 0, 0, 0, 0, 0, 12, 174
"c:\Users\ferna\Documents\Desarrollo\SIMR\public\materias\config\materias.client.routes.js", "JavaScript", 18, 0, 0, 0, 0, 0, 0, 0, 0, 1, 0, 19
"c:\Users\ferna\Documents\Desarrollo\SIMR\public\materias\controllers\materias.client.controller.js", "JavaScript", 714, 0, 0, 0, 0, 0, 0, 0, 0, 61, 48, 823
"c:\Users\ferna\Documents\Desarrollo\SIMR\public\materias\materias.client.module.js", "JavaScript", 1, 0, 0, 0, 0, 0, 0, 0, 0, 0, 1, 2
"c:\Users\ferna\Documents\Desarrollo\SIMR\public\materias\services\materias.client.service.js", "JavaScript", 10, 0, 0, 0, 0, 0, 0, 0, 0, 3, 1, 14
"c:\Users\ferna\Documents\Desarrollo\SIMR\public\materias\views\create-materia.client.view.html", "HTML", 0, 0, 0, 328, 0, 0, 0, 0, 0, 36, 40, 404
"c:\Users\ferna\Documents\Desarrollo\SIMR\public\materias\views\edit-materia.client.view.html", "HTML", 0, 0, 0, 334, 0, 0, 0, 0, 0, 36, 41, 411
"c:\Users\ferna\Documents\Desarrollo\SIMR\public\materias\views\list-materia.client.view.html", "HTML", 0, 0, 0, 69, 0, 0, 0, 0, 0, 5, 12, 86
"c:\Users\ferna\Documents\Desarrollo\SIMR\public\materias\views\view-materia.client.view.html", "HTML", 0, 0, 0, 55, 0, 0, 0, 0, 0, 5, 11, 71
"c:\Users\ferna\Documents\Desarrollo\SIMR\public\medios\config\medios.client.routes.js", "JavaScript", 18, 0, 0, 0, 0, 0, 0, 0, 0, 1, 0, 19
"c:\Users\ferna\Documents\Desarrollo\SIMR\public\medios\controllers\medios.client.controller.js", "JavaScript", 878, 0, 0, 0, 0, 0, 0, 0, 0, 68, 44, 990
"c:\Users\ferna\Documents\Desarrollo\SIMR\public\medios\medios.client.module.js", "JavaScript", 1, 0, 0, 0, 0, 0, 0, 0, 0, 0, 1, 2
"c:\Users\ferna\Documents\Desarrollo\SIMR\public\medios\services\medios.client.service.js", "JavaScript", 10, 0, 0, 0, 0, 0, 0, 0, 0, 3, 2, 15
"c:\Users\ferna\Documents\Desarrollo\SIMR\public\medios\views\create-medio.client.view.html", "HTML", 0, 0, 0, 339, 0, 0, 0, 0, 0, 29, 45, 413
"c:\Users\ferna\Documents\Desarrollo\SIMR\public\medios\views\edit-medio.client.view.html", "HTML", 0, 0, 0, 347, 0, 0, 0, 0, 0, 30, 45, 422
"c:\Users\ferna\Documents\Desarrollo\SIMR\public\medios\views\list-medio.client.view.html", "HTML", 0, 0, 0, 62, 0, 0, 0, 0, 0, 5, 11, 78
"c:\Users\ferna\Documents\Desarrollo\SIMR\public\medios\views\view-medio.client.view.html", "HTML", 0, 0, 0, 51, 0, 0, 0, 0, 0, 5, 14, 70
"c:\Users\ferna\Documents\Desarrollo\SIMR\public\obras\config\obras.client.routes.js", "JavaScript", 18, 0, 0, 0, 0, 0, 0, 0, 0, 1, 0, 19
"c:\Users\ferna\Documents\Desarrollo\SIMR\public\obras\controllers\obras.client.controller.js", "JavaScript", 1844, 0, 0, 0, 0, 0, 0, 0, 0, 127, 110, 2081
"c:\Users\ferna\Documents\Desarrollo\SIMR\public\obras\obras.client.module.js", "JavaScript", 1, 0, 0, 0, 0, 0, 0, 0, 0, 0, 1, 2
"c:\Users\ferna\Documents\Desarrollo\SIMR\public\obras\services\obras.client.service.js", "JavaScript", 10, 0, 0, 0, 0, 0, 0, 0, 0, 2, 2, 14
"c:\Users\ferna\Documents\Desarrollo\SIMR\public\obras\views\create-obra.client.view.html", "HTML", 0, 0, 0, 887, 0, 0, 0, 0, 0, 84, 142, 1113
"c:\Users\ferna\Documents\Desarrollo\SIMR\public\obras\views\edit-obra.client.view.html", "HTML", 0, 0, 0, 880, 0, 0, 0, 0, 0, 79, 154, 1113
"c:\Users\ferna\Documents\Desarrollo\SIMR\public\obras\views\list-obra.client.view.html", "HTML", 0, 0, 0, 82, 0, 0, 0, 0, 0, 4, 6, 92
"c:\Users\ferna\Documents\Desarrollo\SIMR\public\obras\views\view-obra.client.view.html", "HTML", 0, 0, 0, 91, 0, 0, 0, 0, 0, 6, 26, 123
"c:\Users\ferna\Documents\Desarrollo\SIMR\public\proyectos\config\proyectos.client.routes.js", "JavaScript", 18, 0, 0, 0, 0, 0, 0, 0, 0, 1, 0, 19
"c:\Users\ferna\Documents\Desarrollo\SIMR\public\proyectos\controllers\proyectos.client.controller.js", "JavaScript", 645, 0, 0, 0, 0, 0, 0, 0, 0, 52, 37, 734
"c:\Users\ferna\Documents\Desarrollo\SIMR\public\proyectos\proyectos.client.module.js", "JavaScript", 1, 0, 0, 0, 0, 0, 0, 0, 0, 0, 1, 2
"c:\Users\ferna\Documents\Desarrollo\SIMR\public\proyectos\services\proyectos.client.service.js", "JavaScript", 10, 0, 0, 0, 0, 0, 0, 0, 0, 3, 2, 15
"c:\Users\ferna\Documents\Desarrollo\SIMR\public\proyectos\views\create-proyecto.client.view.html", "HTML", 0, 0, 0, 274, 0, 0, 0, 0, 0, 27, 32, 333
"c:\Users\ferna\Documents\Desarrollo\SIMR\public\proyectos\views\edit-proyecto.client.view.html", "HTML", 0, 0, 0, 279, 0, 0, 0, 0, 0, 28, 32, 339
"c:\Users\ferna\Documents\Desarrollo\SIMR\public\proyectos\views\list-proyecto.client.view.html", "HTML", 0, 0, 0, 63, 0, 0, 0, 0, 0, 5, 11, 79
"c:\Users\ferna\Documents\Desarrollo\SIMR\public\proyectos\views\view-proyecto.client.view.html", "HTML", 0, 0, 0, 48, 0, 0, 0, 0, 0, 5, 9, 62
"c:\Users\ferna\Documents\Desarrollo\SIMR\public\recursos\config\recursos.client.routes.js", "JavaScript", 18, 0, 0, 0, 0, 0, 0, 0, 0, 1, 0, 19
"c:\Users\ferna\Documents\Desarrollo\SIMR\public\recursos\controllers\recursos.client.controller.js", "JavaScript", 1733, 0, 0, 0, 0, 0, 0, 0, 0, 121, 103, 1957
"c:\Users\ferna\Documents\Desarrollo\SIMR\public\recursos\recursos.client.module.js", "JavaScript", 1, 0, 0, 0, 0, 0, 0, 0, 0, 0, 1, 2
"c:\Users\ferna\Documents\Desarrollo\SIMR\public\recursos\services\recursos.client.service.js", "JavaScript", 10, 0, 0, 0, 0, 0, 0, 0, 0, 3, 2, 15
"c:\Users\ferna\Documents\Desarrollo\SIMR\public\recursos\views\create-recurso.client.view.html", "HTML", 0, 0, 0, 839, 0, 0, 0, 0, 0, 74, 91, 1004
"c:\Users\ferna\Documents\Desarrollo\SIMR\public\recursos\views\edit-recurso.client.view.html", "HTML", 0, 0, 0, 787, 0, 0, 0, 0, 0, 67, 94, 948
"c:\Users\ferna\Documents\Desarrollo\SIMR\public\recursos\views\list-recurso.client.view.html", "HTML", 0, 0, 0, 80, 0, 0, 0, 0, 0, 4, 9, 93
"c:\Users\ferna\Documents\Desarrollo\SIMR\public\recursos\views\view-recurso.client.view.html", "HTML", 0, 0, 0, 95, 0, 0, 0, 0, 0, 7, 9, 111
"c:\Users\ferna\Documents\Desarrollo\SIMR\public\sistemas\config\sistemas.client.routes.js", "JavaScript", 18, 0, 0, 0, 0, 0, 0, 0, 0, 1, 0, 19
"c:\Users\ferna\Documents\Desarrollo\SIMR\public\sistemas\controllers\sistemas.client.controller.js", "JavaScript", 1015, 0, 0, 0, 0, 0, 0, 0, 0, 83, 64, 1162
"c:\Users\ferna\Documents\Desarrollo\SIMR\public\sistemas\services\sistemas.client.service.js", "JavaScript", 10, 0, 0, 0, 0, 0, 0, 0, 0, 3, 2, 15
"c:\Users\ferna\Documents\Desarrollo\SIMR\public\sistemas\sistemas.client.module.js", "JavaScript", 1, 0, 0, 0, 0, 0, 0, 0, 0, 0, 1, 2
"c:\Users\ferna\Documents\Desarrollo\SIMR\public\sistemas\views\create-sistema.client.view.html", "HTML", 0, 0, 0, 442, 0, 0, 0, 0, 0, 42, 66, 550
"c:\Users\ferna\Documents\Desarrollo\SIMR\public\sistemas\views\edit-sistema.client.view.html", "HTML", 0, 0, 0, 450, 0, 0, 0, 0, 0, 42, 67, 559
"c:\Users\ferna\Documents\Desarrollo\SIMR\public\sistemas\views\list-sistema.client.view.html", "HTML", 0, 0, 0, 70, 0, 0, 0, 0, 0, 5, 13, 88
"c:\Users\ferna\Documents\Desarrollo\SIMR\public\sistemas\views\view-sistema.client.view.html", "HTML", 0, 0, 0, 63, 0, 0, 0, 0, 0, 5, 18, 86
"c:\Users\ferna\Documents\Desarrollo\SIMR\public\styles.css", "CSS", 0, 0, 0, 0, 283, 0, 0, 0, 0, 0, 35, 318
"c:\Users\ferna\Documents\Desarrollo\SIMR\public\users.client.module.js", "JavaScript", 2, 0, 0, 0, 0, 0, 0, 0, 0, 0, 0, 2
"c:\Users\ferna\Documents\Desarrollo\SIMR\public\users\services\authentication.client.service.js", "JavaScript", 8, 0, 0, 0, 0, 0, 0, 0, 0, 0, 1, 9
"c:\Users\ferna\Documents\Desarrollo\SIMR\server.js", "JavaScript", 10, 0, 0, 0, 0, 0, 0, 0, 0, 5, 1, 16
"Total", "-", 50530, 2059, 5699, 13154, 8906, 292, 307, 17, 288, 26362, 11502, 119116